ID;Credits;CreditSupplyProportion;AdditionalItem;CreditMultiplier;OpenedBy
1;438;0.000365;Knife;Medium High;516
2;585;0.000487;None;Low;0
3;296;0.000246;None;Low;0
4;292;0.000243;Wooden Cup;Low;4
5;443;0.000369;None;High;439
6;1454;0.001211;1st Edition Book;Low;1342
7;299;0.000249;Book;Medium;7
8;293;0.000244;None;High;888
9;296;0.000246;1 Bitcoin;Medium;0
10;437;0.000364;None;Low;10
11;294;0.000245;None;Medium;1918
12;442;0.000368;Newspaper;Medium;100
13;583;0.000485;Cyber Cat;Medium;145
14;295;0.000245;Wrench;Very High;12
15;588;0.000490;Gold Cake;Medium High;1441
16;437;0.000364;None;Very High;1494
17;587;0.000489;Wrench;High;1729
18;586;0.000488;None;Low;1151
19;292;0.000243;Wrench;Low;1307
20;874;0.000728;None;Low;20
21;293;0.000244;Cyber Penguin;Very High;694
22;297;0.000247;Newspaper;Low;1424
23;440;0.000366;None;Low;23
24;294;0.000245;Sushi Roll;Low;0
25;290;0.000241;None;Medium;0
26;585;0.000487;None;Low;1617
27;589;0.000490;Gold Cake;Low;27
28;295;0.000245;Sushi Roll;High;932
29;444;0.000370;Cyber Cat;Medium High;29
30;444;0.000370;Trash Basket;Low;1050
31;292;0.000243;None;Medium;1703
32;438;0.000365;Wrench;Very High;0
33;297;0.000247;None;Medium High;33
34;580;0.000483;Wrench;Low;260
35;442;0.000368;None;Medium;77
36;298;0.000248;Cup of Scotch;Medium High;737
37;297;0.000247;1st Edition Book;Low;37
38;872;0.000726;Wrench;Low;38
39;442;0.000368;None;Very High;39
40;294;0.000245;Cheat Codes;Low;40
41;291;0.000242;None;High;41
42;291;0.000242;Trash Basket;Low;1337
43;436;0.000363;None;Low;0
44;294;0.000245;None;Low;0
45;441;0.000367;None;Medium;0
46;291;0.000242;Gold Cake;Medium;46
47;295;0.000245;None;Medium High;1214
48;299;0.000249;None;Low;883
49;295;0.000245;None;Low;1713
50;581;0.000484;None;High;89
51;580;0.000483;Gold Cake;Low;51
52;587;0.000489;Wrench;Medium;1436
53;444;0.000370;None;Medium High;53
54;291;0.000242;None;Low;0
55;871;0.000725;Sandwich;Medium High;1853
56;437;0.000364;Nuclear Bomb;Low;56
57;299;0.000249;1st Edition Book;Low;57
58;294;0.000245;None;Low;55
59;295;0.000245;None;Medium;59
60;1458;0.001215;Wooden Cup;Low;809
61;296;0.000246;None;Medium;1623
62;436;0.000363;Wrench;Low;62
63;435;0.000362;Knife;Low;63
64;290;0.000241;Trash Basket;Low;13
65;440;0.000366;None;Low;65
66;581;0.000484;Sandwich;Low;66
67;585;0.000487;Wooden Cup;Medium;67
68;444;0.000370;Newspaper;Low;0
69;439;0.000365;None;Low;0
70;1451;0.001209;None;Low;70
71;584;0.000486;None;Low;0
72;297;0.000247;Trash Basket;Medium;0
73;874;0.000728;Knife;Low;224
74;294;0.000245;Gold Cake;Medium;74
75;298;0.000248;1st Edition Book;Low;50
76;580;0.000483;None;Low;76
77;443;0.000369;None;Low;840
78;298;0.000248;Wrench;Medium;18
79;298;0.000248;None;Low;21
80;290;0.000241;Wrench;High;0
81;291;0.000242;Book;Medium;0
82;876;0.000730;None;Low;82
83;1451;0.001209;None;Medium High;42
84;293;0.000244;None;Low;84
85;587;0.000489;1 Dogecoin;Low;54
86;293;0.000244;None;Low;0
87;294;0.000245;None;Low;0
88;297;0.000247;Sandwich;High;509
89;294;0.000245;None;Medium High;1589
90;299;0.000249;None;Low;154
91;299;0.000249;Wooden Cup;Medium High;91
92;581;0.000484;None;Low;92
93;443;0.000369;Cyber Cat;Medium;93
94;297;0.000247;None;Medium High;598
95;435;0.000362;Trash Basket;Low;95
96;298;0.000248;None;Low;96
97;295;0.000245;Wrench;Medium;0
98;583;0.000485;None;Medium;98
99;298;0.000248;Cyber Hamster;Very High;99
100;295;0.000245;Knife;Medium;1722
101;294;0.000245;Cheat Codes;High;101
102;441;0.000367;Sushi Roll;Low;102
103;295;0.000245;None;Low;189
104;295;0.000245;None;Low;1172
105;585;0.000487;None;Medium;410
106;296;0.000246;Trash Basket;Medium;0
107;296;0.000246;Pocket Knife;Medium;107
108;293;0.000244;Wooden Cup;Low;1055
109;296;0.000246;Book;Low;109
110;290;0.000241;Sushi Roll;High;110
111;296;0.000246;None;High;111
112;299;0.000249;None;Low;837
113;292;0.000243;1 Dogecoin;Low;1504
114;1459;0.001215;None;?;0
115;588;0.000490;None;Low;115
116;291;0.000242;1 Bitcoin;Low;1989
117;581;0.000484;Gold Cake;Medium;117
118;296;0.000246;Cyber Penguin;Medium;0
119;437;0.000364;None;High;119
120;298;0.000248;None;Medium High;120
121;296;0.000246;Cyber Hamster;Medium;0
122;292;0.000243;Wooden Cup;Medium;122
123;586;0.000488;1 Bitcoin;High;696
124;296;0.000246;Newspaper;Medium High;124
125;589;0.000490;None;Low;0
126;293;0.000244;None;Medium;738
127;291;0.000242;Cheat Codes;Low;127
128;290;0.000241;None;Very High;197
129;292;0.000243;None;Medium;129
130;292;0.000243;None;Low;130
131;584;0.000486;None;Low;131
132;435;0.000362;None;Low;132
133;440;0.000366;None;Medium High;133
134;294;0.000245;None;Medium;112
135;589;0.000490;None;Low;135
136;440;0.000366;Wooden Cup;Low;72
137;293;0.000244;None;Low;354
138;299;0.000249;None;Medium;1077
139;444;0.000370;None;Low;0
140;298;0.000248;Wrench;Medium;140
141;298;0.000248;None;Low;141
142;442;0.000368;Book;Low;0
143;290;0.000241;Cyber Dog;Medium;0
144;297;0.000247;Sandwich;Low;0
145;588;0.000490;None;Low;796
146;581;0.000484;None;Medium;146
147;296;0.000246;None;Very High;147
148;444;0.000370;Wrench;Medium High;0
149;299;0.000249;Wooden Cup;Medium;149
150;587;0.000489;Wrench;Medium;909
151;436;0.000363;Cup of Scotch;?;151
152;436;0.000363;None;?;2252
153;291;0.000242;Nuclear Bomb;Low;631
154;587;0.000489;Sandwich;Low;78
155;875;0.000729;None;Medium;155
156;438;0.000365;None;Medium;156
157;297;0.000247;Book;Medium High;157
158;871;0.000725;None;Low;212
159;296;0.000246;1 Bitcoin;Medium High;159
160;294;0.000245;None;Medium;160
161;439;0.000365;None;Medium High;161
162;292;0.000243;None;Low;365
163;440;0.000366;None;Low;163
164;299;0.000249;Cup of Scotch;Low;1094
165;294;0.000245;None;Low;165
166;582;0.000485;1st Edition Book;Low;87
167;292;0.000243;None;Low;1222
168;291;0.000242;None;Medium High;0
169;436;0.000363;Book;Low;0
170;298;0.000248;None;Low;170
171;297;0.000247;Pocket Knife;Low;0
172;291;0.000242;Book;Low;779
173;1450;0.001208;Cyber Penguin;Medium High;0
174;295;0.000245;None;Medium High;1461
175;294;0.000245;None;Low;105
176;296;0.000246;Sandwich;Low;176
177;435;0.000362;None;Low;481
178;292;0.000243;Sandwich;Low;1801
179;292;0.000243;None;Low;179
180;294;0.000245;None;Low;180
181;439;0.000365;Trash Basket;Low;1977
182;294;0.000245;None;High;182
183;443;0.000369;Book;Low;0
184;873;0.000727;1 Bitcoin;Medium;184
185;298;0.000248;None;Low;185
186;442;0.000368;Cyber Dog;Low;186
187;435;0.000362;Sandwich;Medium;1298
188;299;0.000249;Newspaper;Medium;188
189;296;0.000246;None;Low;0
190;437;0.000364;Gold Cake;Low;190
191;298;0.000248;Pocket Knife;?;0
192;294;0.000245;Wrench;Low;807
193;293;0.000244;Cup of Scotch;Low;193
194;442;0.000368;None;Low;0
195;294;0.000245;None;Medium;0
196;298;0.000248;Cyber Dog;High;196
197;875;0.000729;None;Very High;1935
198;295;0.000245;Cyber Cat;Low;198
199;292;0.000243;Cup of Scotch;Low;199
200;292;0.000243;Book;Medium;830
201;293;0.000244;None;Low;1746
202;583;0.000485;Sandwich;Medium;202
203;295;0.000245;None;Medium;203
204;584;0.000486;None;Low;201
205;291;0.000242;Wrench;Medium;205
206;296;0.000246;None;Low;206
207;298;0.000248;None;Medium;174
208;293;0.000244;None;Low;208
209;437;0.000364;1st Edition Book;Low;0
210;296;0.000246;None;Low;1553
211;444;0.000370;None;Low;211
212;299;0.000249;None;?;221
213;298;0.000248;None;Medium;213
214;583;0.000485;None;Medium High;214
215;290;0.000241;None;Low;215
216;290;0.000241;None;High;216
217;872;0.000726;Nuclear Bomb;High;217
218;438;0.000365;None;Low;0
219;293;0.000244;Pocket Knife;Medium;219
220;293;0.000244;Cheat Codes;Low;307
221;581;0.000484;1 Dogecoin;Low;523
222;299;0.000249;None;Low;1667
223;292;0.000243;None;Low;0
224;871;0.000725;None;Medium High;418
225;588;0.000490;None;High;225
226;297;0.000247;None;Medium High;226
227;296;0.000246;None;Low;1828
228;294;0.000245;Book;Low;813
229;437;0.000364;None;Medium;229
230;294;0.000245;Cyber Cat;Medium;230
231;588;0.000490;None;Low;0
232;878;0.000731;None;Very High;232
233;290;0.000241;Wooden Cup;High;1173
234;290;0.000241;None;Low;0
235;293;0.000244;1 Bitcoin;Medium;235
236;293;0.000244;None;Low;236
237;293;0.000244;1 Bitcoin;Medium High;237
238;1459;0.001215;1st Edition Book;Medium;328
239;299;0.000249;None;High;47
240;294;0.000245;None;Low;0
241;298;0.000248;Cyber Cat;Medium;241
242;870;0.000725;None;Low;1578
243;290;0.000241;Pocket Knife;Low;957
244;298;0.000248;Golden Bitcoin Skull of Fate;Medium;126
245;440;0.000366;None;Medium;426
246;435;0.000362;Wrench;Low;703
247;443;0.000369;Pocket Knife;High;0
248;394;0.000328;Wooden Cup;Medium;0
249;296;0.000246;None;Low;249
250;582;0.000485;None;Low;250
251;291;0.000242;None;Low;693
252;291;0.000242;Trash Basket;High;252
253;263;0.000219;Newspaper;Medium High;0
254;586;0.000488;Cup of Scotch;Medium High;254
255;293;0.000244;None;Medium;255
256;585;0.000487;None;Low;1988
257;294;0.000245;None;Low;1542
258;294;0.000245;Cheat Codes;High;104
259;583;0.000485;None;High;259
260;260;0.000216;None;Low;0
261;588;0.000490;Wrench;Low;261
262;878;0.000731;None;Low;0
263;444;0.000370;None;Medium High;263
264;438;0.000365;Cyber Penguin;Medium;1428
265;292;0.000243;None;Low;265
266;290;0.000241;Book;Low;266
267;1456;0.001213;Cyber Cat;Medium;1938
268;296;0.000246;None;Low;1158
269;293;0.000244;1 Dogecoin;Low;269
270;299;0.000249;Cheat Codes;Medium;270
271;871;0.000725;None;Medium High;271
272;876;0.000730;Book;Low;437
273;439;0.000365;1 Dogecoin;High;743
274;442;0.000368;None;Medium;274
275;291;0.000242;None;Low;0
276;444;0.000370;None;Medium;489
277;296;0.000246;Trash Basket;Medium High;275
278;878;0.000731;None;Low;0
279;295;0.000245;None;Low;94
280;299;0.000249;None;Low;280
281;295;0.000245;None;Medium High;1750
282;293;0.000244;None;High;282
283;581;0.000484;Sandwich;Very High;283
284;295;0.000245;Sushi Roll;High;284
285;582;0.000485;None;Medium;285
286;444;0.000370;Cup of Scotch;Low;286
287;587;0.000489;None;Low;75
288;440;0.000366;None;Medium;288
289;299;0.000249;Wrench;Medium;969
290;435;0.000362;Wrench;Low;290
291;295;0.000245;Sandwich;Low;244
292;582;0.000485;Sandwich;Medium;292
293;436;0.000363;None;Low;293
294;876;0.000730;Cyber Penguin;Medium;1511
295;290;0.000241;Cyber Dog;High;291
296;290;0.000241;None;Medium;253
297;290;0.000241;Nuclear Bomb;Medium;297
298;299;0.000249;Trash Basket;Low;0
299;298;0.000248;Sandwich;Low;299
300;444;0.000370;None;Medium High;19
301;443;0.000369;Gold Cake;Very High;301
302;297;0.000247;None;Low;556
303;296;0.000246;None;Medium High;8
304;291;0.000242;Book;Low;304
305;293;0.000244;None;Very High;305
306;589;0.000490;Pocket Knife;Low;306
307;442;0.000368;Wrench;Medium;1864
308;394;0.000328;None;High;1373
309;441;0.000367;1 Dogecoin;Low;689
310;870;0.000725;1st Edition Book;Low;310
311;297;0.000247;Cyber Dog;Low;311
312;440;0.000366;Sushi Roll;Low;1594
313;436;0.000363;Cyber Cat;High;313
314;441;0.000367;None;Medium;314
315;437;0.000364;None;High;620
316;297;0.000247;Wrench;Medium;316
317;290;0.000241;None;Medium;392
318;297;0.000247;None;Low;318
319;437;0.000364;Wrench;Low;319
320;437;0.000364;1 Bitcoin;Low;1318
321;435;0.000362;1 Dogecoin;Medium;1535
322;292;0.000243;None;Medium High;322
323;435;0.000362;Book;Medium;323
324;299;0.000249;None;Low;0
325;391;0.000325;Sushi Roll;Low;0
326;295;0.000245;None;Low;0
327;879;0.000732;Cyber Hamster;Medium;327
328;581;0.000484;None;High;1113
329;581;0.000484;None;Low;272
330;584;0.000486;Sandwich;Low;329
331;291;0.000242;None;Low;331
332;580;0.000483;Cyber Cat;Medium;0
333;440;0.000366;None;Medium;333
334;297;0.000247;1st Edition Book;Low;334
335;581;0.000484;None;Low;335
336;435;0.000362;Pocket Knife;Low;336
337;436;0.000363;None;Low;337
338;521;0.000434;None;Low;0
339;294;0.000245;None;Low;339
340;296;0.000246;Trash Basket;Medium High;340
341;440;0.000366;None;High;341
342;295;0.000245;None;Medium High;342
343;269;0.000224;Wrench;Medium;1665
344;298;0.000248;Cyber Dog;Low;344
345;444;0.000370;Wrench;High;0
346;444;0.000370;Sandwich;Low;346
347;293;0.000244;None;Medium;0
348;263;0.000219;None;Medium High;0
349;296;0.000246;None;Medium;349
350;437;0.000364;Newspaper;Low;350
351;297;0.000247;1st Edition Book;Low;514
352;582;0.000485;Knife;Medium;352
353;296;0.000246;None;Medium High;353
354;290;0.000241;None;Medium;513
355;524;0.000436;Sandwich;Medium;0
356;394;0.000328;None;Medium;0
357;583;0.000485;Sushi Roll;Low;635
358;441;0.000367;None;Low;358
359;1459;0.001215;None;Medium;357
360;440;0.000366;Cup of Scotch;Low;360
361;296;0.000246;None;Medium High;361
362;785;0.000654;None;Low;0
363;589;0.000490;None;Low;363
364;264;0.000220;None;Low;0
365;294;0.000245;None;Medium;564
366;294;0.000245;Sushi Roll;Medium High;366
367;292;0.000243;Sandwich;Low;1245
368;297;0.000247;Trash Basket;Medium;367
369;583;0.000485;Cyber Cat;Medium;370
370;293;0.000244;Book;Low;799
371;291;0.000242;None;Medium;1678
372;294;0.000245;Book;Medium;372
373;291;0.000242;Newspaper;Medium;373
374;263;0.000219;Sandwich;Medium;0
375;442;0.000368;Newspaper;Low;375
376;295;0.000245;None;Low;792
377;291;0.000242;Wrench;Low;355
378;299;0.000249;Sushi Roll;Low;377
379;298;0.000248;Cyber Penguin;Low;1264
380;292;0.000243;None;Very High;380
381;436;0.000363;1st Edition Book;Medium;381
382;296;0.000246;1st Edition Book;Medium;382
383;439;0.000365;1 Bitcoin;Low;383
384;299;0.000249;Sushi Roll;Low;384
385;299;0.000249;Wrench;Very High;385
386;296;0.000246;None;Low;386
387;438;0.000365;Wooden Cup;Low;387
388;296;0.000246;Newspaper;Medium High;388
389;291;0.000242;None;High;473
390;589;0.000490;Book;High;390
391;296;0.000246;None;Low;0
392;437;0.000364;None;Low;1292
393;296;0.000246;Sushi Roll;Low;393
394;586;0.000488;1st Edition Book;Medium;394
395;297;0.000247;Wrench;Medium;0
396;294;0.000245;Wooden Cup;High;396
397;294;0.000245;Newspaper;High;246
398;293;0.000244;1 Dogecoin;Low;398
399;297;0.000247;None;High;0
400;879;0.000732;Trash Basket;Low;400
401;291;0.000242;None;Low;401
402;292;0.000243;None;Medium;0
403;299;0.000249;Knife;Low;403
404;589;0.000490;None;Medium High;726
405;581;0.000484;None;Low;405
406;293;0.000244;Cyber Cat;Low;406
407;290;0.000241;Sandwich;Medium;407
408;1459;0.001215;None;Very High;1089
409;583;0.000485;None;Low;0
410;441;0.000367;None;Low;0
411;292;0.000243;Sushi Roll;Low;1552
412;581;0.000484;Book;Low;500
413;295;0.000245;1st Edition Book;Medium;413
414;269;0.000224;None;Low;0
415;440;0.000366;Cup of Scotch;Medium;1223
416;298;0.000248;Trash Basket;Medium;0
417;444;0.000370;None;Medium;1107
418;435;0.000362;None;Medium High;1840
419;262;0.000218;Cyber Dog;Low;0
420;298;0.000248;Knife;Low;379
421;439;0.000365;None;Medium High;421
422;1458;0.001215;None;Low;952
423;291;0.000242;None;Low;69
424;876;0.000730;None;Medium;424
425;292;0.000243;Golden Bitcoin Skull of Fate;Medium;425
426;524;0.000436;None;Medium;0
427;294;0.000245;Sandwich;Low;427
428;298;0.000248;None;Medium;428
429;299;0.000249;None;Medium;429
430;1456;0.001213;None;Low;430
431;436;0.000363;None;Low;431
432;435;0.000362;1st Edition Book;Medium High;898
433;443;0.000369;Cyber Dog;Medium;433
434;444;0.000370;None;High;434
435;582;0.000485;None;Low;435
436;292;0.000243;None;Low;436
437;391;0.000325;1st Edition Book;Medium High;9
438;393;0.000327;Book;Medium;0
439;267;0.000222;None;Low;0
440;442;0.000368;Book;Medium High;440
441;297;0.000247;Wooden Cup;Medium High;441
442;293;0.000244;None;High;442
443;299;0.000249;Wooden Cup;Medium High;0
444;877;0.000730;None;Medium High;666
445;296;0.000246;Sandwich;Low;445
446;444;0.000370;None;Low;1239
447;875;0.000729;None;Low;447
448;435;0.000362;Nuclear Bomb;Medium;448
449;444;0.000370;None;High;449
450;296;0.000246;Wrench;Medium High;450
451;295;0.000245;None;Low;451
452;291;0.000242;None;Medium;452
453;298;0.000248;None;Low;1310
454;1453;0.001210;Sandwich;Medium;454
455;294;0.000245;Trash Basket;Low;1166
456;292;0.000243;None;Low;456
457;879;0.000732;Wrench;Medium;457
458;437;0.000364;Knife;High;458
459;870;0.000725;None;Low;459
460;291;0.000242;Newspaper;Medium High;233
461;294;0.000245;None;Medium;461
462;395;0.000329;None;Low;538
463;298;0.000248;1st Edition Book;Low;463
464;299;0.000249;Newspaper;Very High;464
465;440;0.000366;None;High;465
466;871;0.000725;None;Medium;466
467;585;0.000487;Book;Medium;467
468;292;0.000243;None;Medium;0
469;268;0.000223;None;High;0
470;442;0.000368;None;Medium;859
471;295;0.000245;None;Low;0
472;581;0.000484;None;Low;26
473;293;0.000244;None;Medium;1306
474;435;0.000362;None;Low;474
475;443;0.000369;Golden Bitcoin Skull of Fate;Medium;475
476;295;0.000245;Cyber Cat;Medium;476
477;438;0.000365;None;Low;477
478;437;0.000364;None;Low;478
479;296;0.000246;Trash Basket;Low;479
480;293;0.000244;Sandwich;Low;480
481;266;0.000221;None;Very High;0
482;295;0.000245;None;High;446
483;444;0.000370;Wrench;Low;483
484;436;0.000363;1 Dogecoin;High;484
485;438;0.000365;None;High;485
486;1455;0.001212;Wrench;Low;486
487;436;0.000363;None;Low;0
488;444;0.000370;Newspaper;Medium;103
489;297;0.000247;None;Low;273
490;586;0.000488;None;Low;490
491;440;0.000366;Pocket Knife;Medium High;0
492;438;0.000365;None;Medium;492
493;588;0.000490;None;Medium High;493
494;438;0.000365;Newspaper;Medium;494
495;435;0.000362;Knife;Low;0
496;442;0.000368;Cyber Penguin;Very High;496
497;293;0.000244;Wooden Cup;Medium;497
498;444;0.000370;None;Low;498
499;293;0.000244;Cyber Hamster;Low;0
500;444;0.000370;1st Edition Book;Low;1092
501;296;0.000246;None;Very High;501
502;290;0.000241;None;Low;502
503;588;0.000490;None;Low;841
504;436;0.000363;None;High;827
505;444;0.000370;None;Low;505
506;441;0.000367;None;Low;1956
507;296;0.000246;Cyber Hamster;Low;507
508;291;0.000242;None;Low;508
509;877;0.000730;None;Low;204
510;443;0.000369;Wrench;Medium High;1121
511;260;0.000216;None;Low;0
512;443;0.000369;None;Low;512
513;873;0.000727;Wrench;High;1353
514;390;0.000325;None;Medium;0
515;298;0.000248;Wrench;Medium;515
516;398;0.000331;Wrench;Low;1319
517;439;0.000365;None;Medium;517
518;299;0.000249;1 Dogecoin;Medium;518
519;297;0.000247;Wooden Cup;Low;519
520;291;0.000242;None;Low;520
521;582;0.000485;None;Medium;521
522;441;0.000367;None;Medium;522
523;267;0.000222;Wooden Cup;Medium High;0
524;298;0.000248;Cup of Scotch;Medium;524
525;291;0.000242;None;Medium;0
526;872;0.000726;Pocket Knife;Low;526
527;293;0.000244;Newspaper;Low;527
528;440;0.000366;None;High;542
529;293;0.000244;Pocket Knife;Medium;529
530;581;0.000484;Book;Low;531
531;439;0.000365;Cyber Cat;Low;530
532;580;0.000483;Pocket Knife;Low;532
533;436;0.000363;None;Medium;533
534;295;0.000245;None;Low;504
535;441;0.000367;Wrench;Low;535
536;292;0.000243;None;High;536
537;871;0.000725;1 Bitcoin;Medium;805
538;295;0.000245;None;Medium High;1629
539;437;0.000364;None;Low;539
540;442;0.000368;Book;Medium;540
541;580;0.000483;None;High;281
542;296;0.000246;Book;Medium;1705
543;442;0.000368;None;Low;302
544;299;0.000249;None;Medium High;348
545;295;0.000245;None;Very High;545
546;296;0.000246;None;Low;546
547;294;0.000245;Pocket Knife;Low;1845
548;292;0.000243;Cyber Cat;High;548
549;298;0.000248;None;Low;0
550;589;0.000490;Sushi Roll;Low;1128
551;589;0.000490;Trash Basket;Low;432
552;439;0.000365;Knife;Low;552
553;439;0.000365;Book;Medium;553
554;438;0.000365;Newspaper;Low;554
555;439;0.000365;Gold Cake;Low;555
556;580;0.000483;Newspaper;Low;1700
557;586;0.000488;None;Low;557
558;442;0.000368;None;Low;178
559;294;0.000245;Book;Low;0
560;297;0.000247;None;Very High;560
561;581;0.000484;None;Medium;561
562;879;0.000732;Pocket Knife;Very High;562
563;588;0.000490;Newspaper;Medium;563
564;296;0.000246;Cyber Cat;Low;1902
565;439;0.000365;Wrench;Low;565
566;296;0.000246;None;Low;534
567;440;0.000366;None;High;567
568;582;0.000485;Cyber Hamster;Medium High;568
569;294;0.000245;1 Dogecoin;Low;569
570;299;0.000249;None;Medium;570
571;267;0.000222;Sandwich;Low;623
572;435;0.000362;None;Low;0
573;587;0.000489;None;Medium;573
574;294;0.000245;Wrench;Very High;173
575;291;0.000242;Newspaper;Medium;575
576;878;0.000731;Wrench;Medium High;576
577;589;0.000490;None;Very High;577
578;584;0.000486;None;Medium High;578
579;297;0.000247;Sandwich;Medium;579
580;437;0.000364;Wooden Cup;Low;580
581;585;0.000487;None;Medium;0
582;291;0.000242;Wooden Cup;Medium;582
583;525;0.000437;Cyber Dog;Low;1962
584;295;0.000245;None;Low;584
585;293;0.000244;Pocket Knife;Low;585
586;298;0.000248;Trash Basket;Low;443
587;295;0.000245;None;Very High;587
588;439;0.000365;None;Low;588
589;292;0.000243;Cyber Dog;Low;351
590;296;0.000246;Wrench;Low;590
591;589;0.000490;Sushi Roll;Low;591
592;293;0.000244;None;Low;592
593;1456;0.001213;Trash Basket;Low;593
594;297;0.000247;Sandwich;Low;594
595;297;0.000247;1st Edition Book;Medium;595
596;586;0.000488;None;High;596
597;291;0.000242;None;Low;0
598;437;0.000364;None;Medium;1658
599;299;0.000249;None;Low;599
600;443;0.000369;None;Medium;1650
601;294;0.000245;None;Low;855
602;583;0.000485;None;Low;602
603;586;0.000488;None;Medium;603
604;290;0.000241;Sandwich;Low;0
605;297;0.000247;Book;High;605
606;298;0.000248;Sandwich;High;35
607;298;0.000248;None;Medium;711
608;442;0.000368;Cup of Scotch;Low;608
609;435;0.000362;Cheat Codes;Very High;609
610;436;0.000363;None;Low;1741
611;297;0.000247;Wooden Cup;Low;611
612;290;0.000241;None;Low;612
613;443;0.000369;Newspaper;Low;613
614;875;0.000729;Cyber Cat;Low;614
615;582;0.000485;Cyber Penguin;Medium;300
616;298;0.000248;Newspaper;Low;0
617;580;0.000483;None;Medium;617
618;587;0.000489;Newspaper;Low;1689
619;293;0.000244;Cyber Cat;High;619
620;297;0.000247;Sandwich;Medium;116
621;291;0.000242;Wrench;Medium;0
622;293;0.000244;None;Low;622
623;290;0.000241;Book;Low;0
624;441;0.000367;Book;Low;1632
625;580;0.000483;Sandwich;Low;0
626;436;0.000363;Wrench;Medium;626
627;444;0.000370;None;Low;627
628;298;0.000248;Cyber Hamster;Low;0
629;298;0.000248;Book;Medium High;629
630;398;0.000331;None;Medium;0
631;439;0.000365;None;Medium;732
632;296;0.000246;None;Low;632
633;440;0.000366;None;Low;633
634;290;0.000241;None;Low;634
635;871;0.000725;None;Medium High;1020
636;441;0.000367;None;Low;636
637;872;0.000726;None;High;637
638;299;0.000249;Cup of Scotch;Low;755
639;293;0.000244;None;Low;639
640;268;0.000223;None;Low;0
641;588;0.000490;Nuclear Bomb;Low;86
642;292;0.000243;1st Edition Book;Low;642
643;876;0.000730;Newspaper;Low;0
644;293;0.000244;Cyber Dog;Medium;644
645;585;0.000487;None;Medium;1513
646;581;0.000484;None;Low;646
647;294;0.000245;Sandwich;Medium;528
648;298;0.000248;None;Low;649
649;580;0.000483;None;Low;640
650;290;0.000241;None;Medium;650
651;586;0.000488;None;Low;0
652;298;0.000248;Wrench;Medium;652
653;291;0.000242;None;Very High;0
654;297;0.000247;Newspaper;Low;181
655;877;0.000730;None;Low;944
656;441;0.000367;None;Medium High;656
657;444;0.000370;None;Medium High;657
658;292;0.000243;Wooden Cup;Low;658
659;293;0.000244;None;Medium;659
660;588;0.000490;Wrench;High;660
661;292;0.000243;None;Medium High;0
662;584;0.000486;None;Low;662
663;299;0.000249;Cyber Penguin;Low;663
664;294;0.000245;Cup of Scotch;Low;664
665;262;0.000218;None;Low;0
666;298;0.000248;None;Low;106
667;871;0.000725;None;Medium;408
668;438;0.000365;None;Low;668
669;293;0.000244;None;Medium;669
670;1452;0.001210;Wrench;Medium;670
671;297;0.000247;None;Medium;671
672;291;0.000242;None;Medium High;672
673;444;0.000370;Sandwich;High;673
674;871;0.000725;Knife;Very High;0
675;290;0.000241;Wrench;Medium;675
676;586;0.000488;Trash Basket;Medium;0
677;442;0.000368;None;High;677
678;581;0.000484;None;High;678
679;299;0.000249;None;Medium;679
680;298;0.000248;Trash Basket;Very High;680
681;297;0.000247;Wooden Cup;Low;681
682;581;0.000484;None;Low;682
683;439;0.000365;Wrench;Low;683
684;440;0.000366;None;Medium High;684
685;291;0.000242;None;Low;685
686;298;0.000248;None;Low;686
687;1308;0.001090;None;Medium;1826
688;298;0.000248;None;Low;688
689;298;0.000248;Cyber Cat;Medium High;1321
690;444;0.000370;None;Low;690
691;581;0.000484;Sandwich;Medium High;1287
692;440;0.000366;None;Low;0
693;297;0.000247;Cyber Dog;Low;691
694;1457;0.001214;None;Medium High;0
695;1457;0.001214;Sandwich;Low;0
696;442;0.000368;Newspaper;Medium;0
697;297;0.000247;Pocket Knife;Very High;697
698;439;0.000365;None;Medium;1832
699;437;0.000364;None;High;0
700;296;0.000246;Pocket Knife;High;700
701;294;0.000245;None;Medium;701
702;442;0.000368;Cyber Dog;Medium;702
703;265;0.000220;None;Low;0
704;299;0.000249;None;Medium;704
705;585;0.000487;Pocket Knife;?;0
706;294;0.000245;Wooden Cup;Medium High;706
707;444;0.000370;Newspaper;Low;1631
708;582;0.000485;Sushi Roll;Low;0
709;292;0.000243;None;Low;0
710;294;0.000245;None;Very High;710
711;436;0.000363;None;Medium;1768
712;436;0.000363;None;High;712
713;580;0.000483;Knife;Very High;713
714;438;0.000365;1st Edition Book;Low;714
715;299;0.000249;Sushi Roll;Medium;0
716;439;0.000365;Book;Low;716
717;441;0.000367;1st Edition Book;Very High;717
718;584;0.000486;None;Low;718
719;1455;0.001212;Wooden Cup;Low;719
720;439;0.000365;Sandwich;Low;0
721;436;0.000363;None;Low;1733
722;290;0.000241;None;Medium High;722
723;290;0.000241;Newspaper;Low;0
724;295;0.000245;Cyber Dog;Medium High;724
725;293;0.000244;Knife;Low;725
726;290;0.000241;None;High;1909
727;436;0.000363;Knife;Medium;296
728;298;0.000248;None;High;728
729;589;0.000490;Trash Basket;Low;729
730;299;0.000249;1 Dogecoin;Medium High;730
731;436;0.000363;Trash Basket;Low;731
732;787;0.000655;1st Edition Book;Medium;1003
733;291;0.000242;None;High;733
734;1450;0.001208;Knife;High;734
735;298;0.000248;None;High;735
736;290;0.000241;Gold Cake;?;343
737;290;0.000241;None;Medium High;736
738;441;0.000367;None;High;438
739;875;0.000729;Cyber Cat;Low;739
740;441;0.000367;None;Low;740
741;298;0.000248;Book;Medium;320
742;1456;0.001213;None;Low;0
743;1453;0.001210;None;Low;25
744;874;0.000728;Newspaper;Low;744
745;299;0.000249;None;Medium;745
746;260;0.000216;None;Low;0
747;293;0.000244;None;Very High;747
748;443;0.000369;Newspaper;Medium;748
749;588;0.000490;None;Low;749
750;392;0.000326;Trash Basket;Low;0
751;443;0.000369;None;Low;0
752;290;0.000241;Sushi Roll;Medium High;752
753;1454;0.001211;None;High;753
754;442;0.000368;None;Low;1383
755;291;0.000242;None;Low;0
756;586;0.000488;Book;Medium;756
757;295;0.000245;None;Medium;757
758;441;0.000367;Cyber Penguin;Low;758
759;396;0.000330;None;Medium;0
760;296;0.000246;Trash Basket;Low;760
761;585;0.000487;None;Low;761
762;437;0.000364;Trash Basket;Low;287
763;442;0.000368;None;Low;0
764;293;0.000244;None;Medium High;764
765;298;0.000248;Knife;Low;765
766;290;0.000241;Pocket Knife;Low;766
767;872;0.000726;None;Low;11
768;297;0.000247;Wooden Cup;Low;768
769;298;0.000248;Trash Basket;Low;1606
770;291;0.000242;Wrench;Low;0
771;295;0.000245;None;Low;771
772;872;0.000726;Wooden Cup;Medium;772
773;1450;0.001208;None;Medium;778
774;588;0.000490;Wooden Cup;Medium;774
775;298;0.000248;1 Dogecoin;Low;775
776;588;0.000490;Wooden Cup;Medium High;776
777;580;0.000483;Cyber Dog;Medium;1682
778;587;0.000489;None;Medium High;0
779;871;0.000725;None;?;0
780;1452;0.001210;None;Low;780
781;395;0.000329;Sushi Roll;Medium;0
782;296;0.000246;Cyber Dog;Low;209
783;442;0.000368;None;Low;0
784;443;0.000369;None;Low;0
785;296;0.000246;None;Low;785
786;294;0.000245;None;High;938
787;586;0.000488;Sandwich;Low;787
788;298;0.000248;Newspaper;Low;788
789;293;0.000244;None;Low;789
790;1450;0.001208;Book;Medium;790
791;295;0.000245;None;Low;0
792;440;0.000366;None;High;376
793;295;0.000245;Sandwich;Medium High;793
794;299;0.000249;None;Low;794
795;291;0.000242;None;Medium;795
796;442;0.000368;None;Low;420
797;295;0.000245;Pocket Knife;Low;0
798;291;0.000242;Sushi Roll;Low;798
799;260;0.000216;1 Dogecoin;Medium;0
800;291;0.000242;Sandwich;Low;0
801;290;0.000241;Book;Low;801
802;299;0.000249;Cyber Cat;Low;0
803;264;0.000220;None;Low;0
804;436;0.000363;Book;Low;0
805;299;0.000249;None;Medium;0
806;588;0.000490;None;Low;806
807;298;0.000248;None;Medium High;0
808;295;0.000245;Trash Basket;Medium High;1644
809;296;0.000246;Trash Basket;Medium High;1201
810;295;0.000245;Cyber Hamster;Medium High;746
811;298;0.000248;Trash Basket;Low;810
812;293;0.000244;Cyber Cat;High;821
813;292;0.000243;Book;Medium;317
814;580;0.000483;Pocket Knife;Low;814
815;440;0.000366;None;Low;1993
816;438;0.000365;None;Medium;816
817;585;0.000487;Golden Bitcoin Skull of Fate;Medium High;1986
818;299;0.000249;Trash Basket;Medium;818
819;874;0.000728;Wrench;Low;819
820;296;0.000246;Newspaper;Medium High;820
821;391;0.000325;Cyber Cat;Medium High;0
822;584;0.000486;Wooden Cup;Low;822
823;580;0.000483;None;Medium;823
824;439;0.000365;Pocket Knife;Low;824
825;296;0.000246;None;Medium;825
826;391;0.000325;None;Low;0
827;441;0.000367;Wooden Cup;High;227
828;296;0.000246;Pocket Knife;Low;828
829;293;0.000244;Cheat Codes;High;829
830;267;0.000222;Newspaper;Low;0
831;296;0.000246;Cup of Scotch;Low;267
832;294;0.000245;None;Medium High;64
833;439;0.000365;None;Medium High;1791
834;1455;0.001212;None;Low;834
835;298;0.000248;Cup of Scotch;Medium;0
836;290;0.000241;None;Medium;836
837;293;0.000244;Wooden Cup;Very High;873
838;298;0.000248;None;Low;838
839;1450;0.001208;None;Medium;839
840;522;0.000435;Cyber Dog;Low;0
841;268;0.000223;Newspaper;Low;0
842;586;0.000488;Newspaper;Medium High;842
843;440;0.000366;Wooden Cup;Low;843
844;292;0.000243;1st Edition Book;Low;844
845;291;0.000242;None;Low;845
846;874;0.000728;Sushi Roll;Medium;846
847;443;0.000369;None;Low;847
848;441;0.000367;Cyber Dog;Low;848
849;295;0.000245;Trash Basket;Medium;0
850;295;0.000245;None;Low;850
851;440;0.000366;None;Medium High;1119
852;443;0.000369;Cyber Cat;Low;852
853;261;0.000217;None;Medium High;24
854;297;0.000247;Book;Low;854
855;588;0.000490;Wooden Cup;Very High;601
856;439;0.000365;1st Edition Book;Medium;856
857;297;0.000247;None;Medium;857
858;291;0.000242;Pocket Knife;Low;0
859;435;0.000362;None;Very High;234
860;435;0.000362;None;Low;860
861;290;0.000241;Cup of Scotch;Medium;861
862;582;0.000485;None;Medium;862
863;298;0.000248;None;Low;1536
864;298;0.000248;None;Low;864
865;584;0.000486;None;Low;865
866;581;0.000484;None;High;866
867;398;0.000331;None;Low;0
868;291;0.000242;None;Medium;0
869;291;0.000242;Sandwich;Medium;869
870;583;0.000485;None;Low;870
871;299;0.000249;Sandwich;Medium;871
872;589;0.000490;None;Low;872
873;264;0.000220;Wrench;Low;0
874;298;0.000248;None;Low;874
875;436;0.000363;None;Medium High;875
876;292;0.000243;Cyber Cat;High;895
877;440;0.000366;Golden Bitcoin Skull of Fate;Low;877
878;292;0.000243;None;Low;878
879;299;0.000249;Book;Low;879
880;1459;0.001215;None;Low;949
881;873;0.000727;Newspaper;Low;881
882;440;0.000366;Cyber Cat;Low;882
883;294;0.000245;Book;Low;1944
884;298;0.000248;Book;High;884
885;1452;0.001210;Pocket Knife;Low;0
886;441;0.000367;Wooden Cup;Medium;886
887;588;0.000490;None;Medium;887
888;299;0.000249;Knife;Low;52
889;437;0.000364;None;Low;1926
890;299;0.000249;Newspaper;High;890
891;297;0.000247;None;Medium;891
892;440;0.000366;Sushi Roll;High;1895
893;444;0.000370;None;Low;455
894;580;0.000483;None;Low;894
895;441;0.000367;None;Low;1277
896;872;0.000726;Trash Basket;Low;896
897;581;0.000484;None;Low;897
898;1451;0.001209;1 Bitcoin;Medium;0
899;441;0.000367;None;Low;899
900;879;0.000732;Wrench;Low;566
901;290;0.000241;None;High;0
902;586;0.000488;Cyber Dog;Medium;1335
903;437;0.000364;Gold Cake;High;903
904;879;0.000732;None;Medium High;900
905;299;0.000249;Cyber Cat;Low;0
906;295;0.000245;Sandwich;High;906
907;440;0.000366;Wooden Cup;Medium;907
908;443;0.000369;None;Medium;908
909;298;0.000248;Wrench;Medium;0
910;580;0.000483;Sandwich;Low;910
911;437;0.000364;None;Very High;911
912;295;0.000245;Cup of Scotch;Low;912
913;293;0.000244;None;Medium;913
914;875;0.000729;None;Low;378
915;297;0.000247;Cup of Scotch;Low;915
916;875;0.000729;None;Low;0
917;583;0.000485;Sushi Roll;Medium;918
918;439;0.000365;None;High;914
919;872;0.000726;None;High;0
920;439;0.000365;None;Medium High;920
921;442;0.000368;Wrench;Low;921
922;292;0.000243;None;Low;922
923;299;0.000249;None;Medium;90
924;396;0.000330;Sandwich;Medium;68
925;585;0.000487;Pocket Knife;Very High;925
926;585;0.000487;None;Very High;926
927;298;0.000248;Sandwich;Low;927
928;874;0.000728;None;Low;0
929;290;0.000241;Sandwich;Medium;929
930;436;0.000363;None;Low;930
931;876;0.000730;Trash Basket;Low;931
932;296;0.000246;1st Edition Book;High;61
933;299;0.000249;None;High;933
934;298;0.000248;Wrench;High;1730
935;586;0.000488;Sushi Roll;Low;935
936;585;0.000487;Trash Basket;Low;414
937;296;0.000246;Trash Basket;Low;937
938;394;0.000328;Wrench;Low;0
939;292;0.000243;None;Medium High;939
940;588;0.000490;Sandwich;Low;940
941;435;0.000362;Trash Basket;Low;941
942;443;0.000369;Sushi Roll;Low;934
943;580;0.000483;None;Low;943
944;435;0.000362;Wooden Cup;Low;0
945;444;0.000370;Knife;Low;782
946;268;0.000223;1 Dogecoin;Very High;0
947;293;0.000244;Wooden Cup;Medium;0
948;392;0.000326;None;Medium High;0
949;298;0.000248;Gold Cake;High;880
950;1300;0.001083;None;Low;276
951;299;0.000249;Pocket Knife;?;951
952;1452;0.001210;None;Very High;902
953;297;0.000247;Pocket Knife;Low;958
954;295;0.000245;None;Medium High;954
955;441;0.000367;None;Medium High;955
956;265;0.000220;None;Low;1358
957;264;0.000220;None;Medium High;0
958;269;0.000224;Gold Cake;Low;0
959;585;0.000487;None;Low;959
960;298;0.000248;Cup of Scotch;Low;374
961;299;0.000249;Newspaper;Medium;961
962;297;0.000247;Wrench;High;962
963;580;0.000483;None;Medium;963
964;296;0.000246;None;Medium;0
965;295;0.000245;Wooden Cup;Low;965
966;290;0.000241;None;Medium;966
967;297;0.000247;Trash Basket;Low;967
968;292;0.000243;None;Low;968
969;290;0.000241;None;Low;998
970;262;0.000218;Nuclear Bomb;Medium High;0
971;299;0.000249;Sushi Roll;Low;971
972;585;0.000487;None;Low;972
973;293;0.000244;None;High;973
974;1452;0.001210;Pocket Knife;High;974
975;785;0.000654;Cyber Hamster;Medium;0
976;297;0.000247;Wrench;Medium High;976
977;441;0.000367;None;Low;923
978;268;0.000223;None;Low;315
979;293;0.000244;None;Low;0
980;588;0.000490;Book;Medium;980
981;872;0.000726;1 Bitcoin;Low;981
982;441;0.000367;Cup of Scotch;Low;982
983;440;0.000366;None;Low;1792
984;299;0.000249;Newspaper;Medium;984
985;871;0.000725;1 Dogecoin;Low;985
986;297;0.000247;None;Low;986
987;299;0.000249;None;Very High;987
988;441;0.000367;Cyber Dog;Medium High;988
989;441;0.000367;None;High;989
990;438;0.000365;None;Low;991
991;295;0.000245;Trash Basket;Low;919
992;441;0.000367;None;Medium;992
993;876;0.000730;Sushi Roll;Low;990
994;440;0.000366;Cyber Dog;Low;402
995;292;0.000243;None;Medium;994
996;587;0.000489;Wooden Cup;Low;996
997;584;0.000486;None;Low;0
998;290;0.000241;None;Low;777
999;582;0.000485;Wooden Cup;Medium;978
1000;296;0.000246;Cyber Cat;Low;615
1001;297;0.000247;Wooden Cup;Low;1001
1002;874;0.000728;None;Low;1002
1003;437;0.000364;None;Low;0
1004;292;0.000243;Pocket Knife;Low;0
1005;443;0.000369;Wooden Cup;Low;1005
1006;1455;0.001212;None;Low;0
1007;295;0.000245;None;Low;1894
1008;439;0.000365;Cup of Scotch;Medium High;1008
1009;295;0.000245;None;Low;1009
1010;297;0.000247;Cup of Scotch;Medium;488
1011;298;0.000248;None;Medium;1010
1012;587;0.000489;Sandwich;Medium;14
1013;435;0.000362;Sushi Roll;Low;1013
1014;442;0.000368;Cup of Scotch;Low;1014
1015;290;0.000241;Wooden Cup;High;1015
1016;290;0.000241;Book;Medium;0
1017;444;0.000370;None;Low;1017
1018;298;0.000248;Sandwich;Low;0
1019;581;0.000484;None;Medium;1019
1020;296;0.000246;None;Low;0
1021;295;0.000245;Trash Basket;Low;781
1022;580;0.000483;Wrench;Medium;1022
1023;295;0.000245;None;Low;175
1024;295;0.000245;None;Very High;1363
1025;878;0.000731;Cheat Codes;Medium;1025
1026;875;0.000729;Cyber Dog;Medium;1026
1027;299;0.000249;1st Edition Book;Medium;1027
1028;292;0.000243;None;Medium High;1018
1029;290;0.000241;Book;Medium High;1029
1030;589;0.000490;Cup of Scotch;Medium;1030
1031;441;0.000367;Wrench;Medium;1031
1032;439;0.000365;Book;Low;108
1033;298;0.000248;1st Edition Book;Low;1033
1034;586;0.000488;Sandwich;Medium;1034
1035;442;0.000368;None;Very High;1035
1036;296;0.000246;Wooden Cup;Medium High;1036
1037;442;0.000368;1st Edition Book;Low;1037
1038;297;0.000247;Book;Low;1038
1039;265;0.000220;Pocket Knife;Medium;0
1040;291;0.000242;Book;Medium;1040
1041;299;0.000249;None;Medium;0
1042;443;0.000369;Pocket Knife;Medium;1042
1043;441;0.000367;Wooden Cup;Medium High;917
1044;290;0.000241;Trash Basket;Medium High;1044
1045;292;0.000243;None;Medium;1045
1046;294;0.000245;None;High;1046
1047;297;0.000247;Sandwich;Low;0
1048;298;0.000248;None;Medium;1032
1049;580;0.000483;Knife;High;1049
1050;441;0.000367;Book;Medium;1451
1051;585;0.000487;1 Dogecoin;Low;977
1052;293;0.000244;None;Very High;1051
1053;291;0.000242;Wrench;Low;1053
1054;436;0.000363;Pocket Knife;Low;1054
1055;299;0.000249;None;Medium High;1579
1056;291;0.000242;Cyber Cat;Low;1056
1057;438;0.000365;None;Low;1057
1058;435;0.000362;Cyber Hamster;Low;1058
1059;583;0.000485;Wooden Cup;Medium;1059
1060;1450;0.001208;None;Medium;1061
1061;295;0.000245;None;Medium;1060
1062;298;0.000248;Pocket Knife;Low;1062
1063;394;0.000328;None;Low;0
1064;298;0.000248;None;Low;1064
1065;581;0.000484;Book;Low;1065
1066;294;0.000245;Knife;Low;243
1067;439;0.000365;Pocket Knife;Low;1067
1068;294;0.000245;None;Low;1134
1069;292;0.000243;None;Low;1313
1070;294;0.000245;Sushi Roll;High;1069
1071;443;0.000369;None;Low;1071
1072;436;0.000363;Cyber Dog;Medium;1072
1073;291;0.000242;None;Medium;1075
1074;437;0.000364;Wooden Cup;Medium;1074
1075;441;0.000367;Pocket Knife;Medium;0
1076;438;0.000365;None;Medium;1076
1077;440;0.000366;None;Low;0
1078;296;0.000246;Sandwich;Medium;1078
1079;584;0.000486;None;Medium High;1079
1080;298;0.000248;None;Medium;1080
1081;588;0.000490;None;Medium;0
1082;294;0.000245;Sushi Roll;Medium High;1082
1083;439;0.000365;None;Low;0
1084;580;0.000483;Book;Medium;1084
1085;439;0.000365;None;Medium;1085
1086;870;0.000725;Trash Basket;Low;1086
1087;298;0.000248;None;Low;1087
1088;1450;0.001208;None;Medium;1088
1089;292;0.000243;Newspaper;Low;1012
1090;439;0.000365;Wooden Cup;Medium;1090
1091;588;0.000490;None;Very High;1091
1092;443;0.000369;Knife;Low;901
1093;262;0.000218;Wrench;High;368
1094;293;0.000244;1st Edition Book;High;338
1095;295;0.000245;Sandwich;Low;1095
1096;587;0.000489;None;Very High;1096
1097;299;0.000249;None;?;1097
1098;583;0.000485;None;High;1068
1099;297;0.000247;Wrench;Low;1099
1100;586;0.000488;Pocket Knife;Medium;1100
1101;298;0.000248;None;Medium;544
1102;293;0.000244;Pocket Knife;Low;1102
1103;873;0.000727;1 Dogecoin;?;547
1104;268;0.000223;Golden Bitcoin Skull of Fate;Medium High;0
1105;878;0.000731;None;Medium High;1105
1106;437;0.000364;None;High;0
1107;581;0.000484;Newspaper;Low;0
1108;1452;0.001210;Newspaper;High;1108
1109;296;0.000246;Pocket Knife;High;1109
1110;879;0.000732;Gold Cake;Medium;1110
1111;873;0.000727;None;Low;1848
1112;584;0.000486;None;High;0
1113;292;0.000243;Book;Low;113
1114;582;0.000485;Newspaper;Medium High;1114
1115;442;0.000368;None;Low;1115
1116;298;0.000248;None;Low;1116
1117;292;0.000243;None;Low;1117
1118;586;0.000488;Cyber Penguin;Low;1118
1119;1458;0.001215;None;Very High;1913
1120;298;0.000248;Wooden Cup;Low;1120
1121;438;0.000365;None;Medium High;0
1122;443;0.000369;None;High;1122
1123;582;0.000485;None;Medium;1123
1124;436;0.000363;Newspaper;Medium;1329
1125;297;0.000247;None;Low;1125
1126;586;0.000488;None;Low;0
1127;296;0.000246;Cup of Scotch;Low;1127
1128;290;0.000241;None;Low;0
1129;294;0.000245;None;Medium High;1129
1130;294;0.000245;None;Low;1907
1131;583;0.000485;Newspaper;Medium High;1131
1132;587;0.000489;Gold Cake;Medium;1132
1133;583;0.000485;None;Medium;1133
1134;291;0.000242;Cheat Codes;Low;786
1135;876;0.000730;None;Medium;1135
1136;444;0.000370;Newspaper;Medium High;1136
1137;876;0.000730;Cyber Cat;Low;1137
1138;296;0.000246;Cyber Hamster;High;1138
1139;395;0.000329;Trash Basket;Medium High;797
1140;587;0.000489;None;Low;1140
1141;298;0.000248;Sushi Roll;Low;1141
1142;292;0.000243;None;Medium;1142
1143;580;0.000483;Knife;Low;1143
1144;299;0.000249;None;Low;1144
1145;290;0.000241;Wrench;Medium;1145
1146;292;0.000243;None;Medium High;1146
1147;293;0.000244;None;Low;1147
1148;291;0.000242;None;Low;1148
1149;291;0.000242;None;Low;1149
1150;293;0.000244;Wooden Cup;Low;1150
1151;261;0.000217;None;Medium;0
1152;293;0.000244;Wooden Cup;Medium;1152
1153;580;0.000483;None;Low;1153
1154;876;0.000730;None;High;1154
1155;298;0.000248;Sushi Roll;Low;705
1156;297;0.000247;None;Low;1156
1157;879;0.000732;None;High;0
1158;260;0.000216;Sandwich;Low;0
1159;586;0.000488;Trash Basket;Low;1159
1160;437;0.000364;Trash Basket;Very High;1160
1161;297;0.000247;None;Low;1161
1162;874;0.000728;Book;Very High;0
1163;443;0.000369;Wrench;Low;1163
1164;440;0.000366;1 Dogecoin;Low;1164
1165;293;0.000244;None;Low;1165
1166;266;0.000221;Newspaper;Low;31
1167;443;0.000369;None;Medium;1998
1168;296;0.000246;None;Low;1168
1169;290;0.000241;None;Low;1169
1170;393;0.000327;None;Medium;22
1171;268;0.000223;None;Low;0
1172;393;0.000327;Gold Cake;Medium;0
1173;526;0.000438;None;Low;0
1174;295;0.000245;Trash Basket;Low;1174
1175;437;0.000364;Sandwich;Low;1175
1176;291;0.000242;Cup of Scotch;Medium;1176
1177;393;0.000327;None;Low;0
1178;295;0.000245;None;High;1178
1179;437;0.000364;None;Medium High;1179
1180;586;0.000488;Cyber Hamster;Low;1180
1181;585;0.000487;Trash Basket;High;1181
1182;879;0.000732;None;Medium;85
1183;295;0.000245;None;Low;1183
1184;585;0.000487;None;Low;1184
1185;291;0.000242;None;Low;1185
1186;587;0.000489;Knife;Low;1186
1187;299;0.000249;Cup of Scotch;Medium;1187
1188;296;0.000246;Pocket Knife;Medium;1188
1189;296;0.000246;None;Medium High;1189
1190;296;0.000246;Cup of Scotch;Low;1190
1191;298;0.000248;Sushi Roll;Medium High;783
1192;293;0.000244;Sushi Roll;Medium High;0
1193;290;0.000241;Sandwich;Medium;1193
1194;1300;0.001083;Sandwich;Low;183
1195;298;0.000248;None;Low;0
1196;588;0.000490;None;Medium High;1196
1197;298;0.000248;None;Medium;1197
1198;436;0.000363;None;Low;1198
1199;586;0.000488;None;Medium;1199
1200;444;0.000370;None;Medium;1200
1201;521;0.000434;Gold Cake;Low;0
1202;293;0.000244;Cheat Codes;High;1779
1203;294;0.000245;None;High;1203
1204;589;0.000490;None;Low;1204
1205;874;0.000728;None;Very High;1205
1206;442;0.000368;None;Low;1206
1207;294;0.000245;Pocket Knife;Very High;1207
1208;295;0.000245;Book;Medium;1208
1209;297;0.000247;Wooden Cup;Low;1209
1210;437;0.000364;None;Medium High;1210
1211;873;0.000727;Wooden Cup;Medium High;1980
1212;438;0.000365;Wooden Cup;Low;1212
1213;587;0.000489;Cup of Scotch;Medium;1213
1214;529;0.000440;Sandwich;Medium High;997
1215;441;0.000367;None;Low;1215
1216;295;0.000245;Wooden Cup;Medium;1216
1217;588;0.000490;None;Medium High;1217
1218;290;0.000241;None;Medium High;1218
1219;441;0.000367;None;Low;1219
1220;291;0.000242;None;Low;1220
1221;297;0.000247;Trash Basket;Low;1221
1222;293;0.000244;None;Medium High;1202
1223;394;0.000328;Gold Cake;Low;0
1224;296;0.000246;1 Bitcoin;Medium;1224
1225;292;0.000243;Wrench;Low;1225
1226;292;0.000243;Sushi Roll;Medium;1226
1227;436;0.000363;1st Edition Book;Low;1227
1228;293;0.000244;Pocket Knife;Low;1228
1229;294;0.000245;None;Low;1229
1230;584;0.000486;Sushi Roll;Low;1230
1231;292;0.000243;Wrench;Low;359
1232;583;0.000485;Wrench;Low;1
1233;1459;0.001215;1 Dogecoin;Low;1233
1234;444;0.000370;Book;Low;1234
1235;294;0.000245;Sushi Roll;Medium;1235
1236;877;0.000730;None;Low;1236
1237;589;0.000490;Wrench;Very High;1155
1238;443;0.000369;Knife;Low;472
1239;439;0.000365;Wrench;Medium;1000
1240;295;0.000245;None;Very High;1240
1241;292;0.000243;Wrench;Low;1241
1242;292;0.000243;Book;Low;0
1243;296;0.000246;Book;Low;1243
1244;294;0.000245;None;Very High;1244
1245;1454;0.001211;Nuclear Bomb;Medium High;831
1246;295;0.000245;None;Low;1246
1247;437;0.000364;Cyber Dog;Low;1247
1248;1452;0.001210;Trash Basket;Low;1248
1249;441;0.000367;None;Very High;1249
1250;299;0.000249;None;Low;1157
1251;294;0.000245;Newspaper;High;1251
1252;296;0.000246;Wooden Cup;Medium;1252
1253;580;0.000483;Wooden Cup;Medium;1253
1254;295;0.000245;Knife;High;1254
1255;437;0.000364;None;Low;1255
1256;444;0.000370;None;Low;1256
1257;296;0.000246;None;Low;1257
1258;296;0.000246;Wrench;Medium High;1258
1259;583;0.000485;None;Low;0
1260;299;0.000249;Wrench;Medium;0
1261;439;0.000365;Sushi Roll;Low;1261
1262;582;0.000485;None;Low;1262
1263;290;0.000241;1 Bitcoin;Medium High;1782
1264;528;0.000440;None;Low;0
1265;296;0.000246;None;Low;1906
1266;436;0.000363;Nuclear Bomb;Very High;172
1267;438;0.000365;Wooden Cup;High;1267
1268;292;0.000243;None;Low;1268
1269;588;0.000490;Book;Low;0
1270;291;0.000242;None;Low;1270
1271;291;0.000242;Pocket Knife;High;1271
1272;443;0.000369;None;Medium;1272
1273;292;0.000243;Wooden Cup;Low;1273
1274;293;0.000244;Cyber Cat;Medium;1274
1275;299;0.000249;None;Low;1275
1276;872;0.000726;None;Medium;1276
1277;437;0.000364;None;High;192
1278;580;0.000483;1st Edition Book;Low;1278
1279;582;0.000485;None;Low;1279
1280;442;0.000368;Knife;Low;1280
1281;297;0.000247;Sandwich;Low;1281
1282;440;0.000366;None;Low;1282
1283;293;0.000244;Wooden Cup;High;1283
1284;299;0.000249;None;Low;1284
1285;290;0.000241;None;Low;1285
1286;877;0.000730;Wrench;Low;0
1287;780;0.000650;Newspaper;Low;0
1288;583;0.000485;None;Low;1288
1289;879;0.000732;None;Medium High;1289
1290;296;0.000246;None;High;2086
1291;291;0.000242;Wooden Cup;Low;1291
1292;443;0.000369;None;Medium;1591
1293;295;0.000245;Sandwich;Low;482
1294;876;0.000730;Sushi Roll;Low;1293
1295;295;0.000245;None;Low;1295
1296;443;0.000369;None;Low;0
1297;299;0.000249;None;Low;1297
1298;298;0.000248;Cup of Scotch;Medium;645
1299;296;0.000246;None;Low;1299
1300;295;0.000245;None;Low;1300
1301;294;0.000245;None;Low;1301
1302;268;0.000223;Gold Cake;Medium;0
1303;294;0.000245;None;Medium High;1303
1304;435;0.000362;Nuclear Bomb;Medium;49
1305;297;0.000247;Newspaper;Low;1305
1306;1453;0.001210;None;Low;0
1307;298;0.000248;1st Edition Book;High;1177
1308;298;0.000248;None;Low;1308
1309;291;0.000242;Wooden Cup;Low;1309
1310;292;0.000243;Cup of Scotch;Medium;741
1311;292;0.000243;Cyber Dog;Medium High;1311
1312;580;0.000483;None;Low;1312
1313;874;0.000728;None;High;228
1314;438;0.000365;None;Low;1314
1315;299;0.000249;None;Low;1315
1316;295;0.000245;Book;Low;1316
1317;292;0.000243;Sushi Roll;Low;1317
1318;395;0.000329;None;Low;0
1319;292;0.000243;Cyber Cat;Medium;970
1320;264;0.000220;None;Low;0
1321;291;0.000242;None;Low;0
1322;294;0.000245;None;Low;1322
1323;292;0.000243;Wooden Cup;Low;1323
1324;440;0.000366;1st Edition Book;Low;1324
1325;870;0.000725;None;Low;1325
1326;438;0.000365;Sandwich;Low;1326
1327;520;0.000433;Wooden Cup;Low;0
1328;291;0.000242;None;Low;1328
1329;436;0.000363;None;Medium;5
1330;267;0.000222;None;Medium;0
1331;296;0.000246;Wooden Cup;High;889
1332;439;0.000365;None;Low;1332
1333;296;0.000246;None;Low;1333
1334;399;0.000332;Cheat Codes;Low;624
1335;1452;0.001210;None;Medium;1331
1336;266;0.000221;None;Low;1341
1337;874;0.000728;None;Medium;1231
1338;293;0.000244;Sushi Roll;Low;1338
1339;296;0.000246;None;Medium;1339
1340;522;0.000435;Cyber Hamster;High;0
1341;398;0.000331;None;Medium High;0
1342;297;0.000247;None;High;1753
1343;296;0.000246;None;Low;1343
1344;588;0.000490;None;Very High;1344
1345;399;0.000332;None;Very High;1083
1346;291;0.000242;None;Low;1346
1347;1451;0.001209;Knife;Low;1347
1348;588;0.000490;None;High;1348
1349;298;0.000248;None;Medium;1349
1350;586;0.000488;None;Medium High;1350
1351;443;0.000369;None;Low;1351
1352;443;0.000369;None;Low;1352
1353;1457;0.001214;Cup of Scotch;Low;1390
1354;439;0.000365;Wrench;Medium High;0
1355;439;0.000365;Sandwich;Medium High;1355
1356;297;0.000247;Trash Basket;Low;1356
1357;872;0.000726;Sandwich;Low;1357
1358;294;0.000245;Wrench;High;257
1359;587;0.000489;Pocket Knife;Low;1359
1360;293;0.000244;Cyber Cat;Low;0
1361;589;0.000490;Book;Low;1361
1362;294;0.000245;None;Medium;1362
1363;438;0.000365;1 Bitcoin;Very High;1111
1364;290;0.000241;None;Medium;1364
1365;297;0.000247;None;Low;1365
1366;874;0.000728;None;Medium High;1366
1367;296;0.000246;None;High;1367
1368;293;0.000244;Pocket Knife;Low;1368
1369;589;0.000490;None;Medium;1369
1370;1454;0.001211;Sandwich;Low;1370
1371;290;0.000241;None;High;0
1372;1452;0.001210;None;Low;1372
1373;587;0.000489;None;Low;0
1374;437;0.000364;Wrench;Medium;1374
1375;290;0.000241;Newspaper;Low;1375
1376;444;0.000370;None;High;1376
1377;580;0.000483;None;Low;0
1378;293;0.000244;Knife;Low;1378
1379;294;0.000245;Newspaper;High;1379
1380;583;0.000485;None;Low;0
1381;435;0.000362;None;Medium;1381
1382;297;0.000247;Wooden Cup;Medium High;1382
1383;295;0.000245;Sushi Roll;Medium;0
1384;439;0.000365;None;Low;1384
1385;444;0.000370;None;Low;168
1386;290;0.000241;None;Low;1386
1387;290;0.000241;Wrench;Medium;1387
1388;441;0.000367;None;Low;1388
1389;443;0.000369;None;Medium;1389
1390;444;0.000370;Newspaper;Medium;1879
1391;440;0.000366;Wrench;Low;1391
1392;297;0.000247;None;Medium;638
1393;872;0.000726;None;Medium;1393
1394;266;0.000221;None;Medium;0
1395;580;0.000483;None;Low;1395
1396;294;0.000245;Cyber Cat;Low;1396
1397;1457;0.001214;Knife;Medium High;1397
1398;444;0.000370;None;Medium;1398
1399;874;0.000728;None;High;0
1400;294;0.000245;None;Low;1400
1401;298;0.000248;None;Low;294
1402;296;0.000246;None;Low;1402
1403;262;0.000218;Gold Cake;Low;0
1404;295;0.000245;Gold Cake;Low;1404
1405;444;0.000370;Wooden Cup;Low;1405
1406;298;0.000248;Cyber Cat;Low;1406
1407;291;0.000242;None;Low;1407
1408;267;0.000222;Wooden Cup;High;0
1409;292;0.000243;1st Edition Book;Low;1409
1410;291;0.000242;None;Low;1410
1411;266;0.000221;None;Low;1411
1412;438;0.000365;None;Medium;1412
1413;293;0.000244;None;Low;1413
1414;876;0.000730;None;Low;1414
1415;297;0.000247;None;Low;0
1416;584;0.000486;None;High;1416
1417;291;0.000242;None;Low;1417
1418;294;0.000245;None;Low;1418
1419;294;0.000245;None;Medium High;256
1420;443;0.000369;Wrench;Medium;1419
1421;435;0.000362;Gold Cake;Low;1421
1422;438;0.000365;Trash Basket;Low;1422
1423;438;0.000365;None;Medium High;1423
1424;293;0.000244;None;Low;1420
1425;1456;0.001213;Knife;Low;1622
1426;438;0.000365;None;Medium;1401
1427;290;0.000241;1 Dogecoin;Low;1425
1428;295;0.000245;None;Low;1427
1429;294;0.000245;Pocket Knife;Low;1429
1430;295;0.000245;None;Low;1430
1431;292;0.000243;Wooden Cup;Low;1431
1432;296;0.000246;Gold Cake;Low;1432
1433;875;0.000729;Pocket Knife;High;1433
1434;290;0.000241;Book;Medium;0
1435;436;0.000363;None;Low;1435
1436;261;0.000217;Book;Low;858
1437;873;0.000727;None;Low;1822
1438;292;0.000243;Cyber Cat;Medium High;1438
1439;1451;0.001209;None;Medium;1439
1440;291;0.000242;None;Low;1440
1441;295;0.000245;None;Very High;1385
1442;299;0.000249;Nuclear Bomb;Medium;1442
1443;586;0.000488;Wrench;Low;1443
1444;587;0.000489;None;Low;0
1445;583;0.000485;1st Edition Book;Medium High;1445
1446;585;0.000487;Wrench;Low;1446
1447;294;0.000245;Gold Cake;Medium;1447
1448;297;0.000247;None;Low;1448
1449;299;0.000249;None;Low;1449
1450;442;0.000368;Wooden Cup;Medium;1450
1451;390;0.000325;1 Dogecoin;Low;0
1452;581;0.000484;Newspaper;Low;1452
1453;870;0.000725;Cheat Codes;Medium High;1453
1454;1301;0.001084;None;Low;1260
1455;290;0.000241;None;Medium High;1455
1456;298;0.000248;None;Low;0
1457;588;0.000490;None;High;1457
1458;296;0.000246;Wrench;Low;1458
1459;296;0.000246;Wooden Cup;High;1871
1460;438;0.000365;None;Low;1460
1461;395;0.000329;None;Low;0
1462;436;0.000363;Trash Basket;Medium;1462
1463;297;0.000247;None;Low;1463
1464;292;0.000243;None;Low;1464
1465;297;0.000247;None;Very High;1798
1466;298;0.000248;None;Low;1466
1467;290;0.000241;Sandwich;Medium;1467
1468;584;0.000486;None;Medium;767
1469;298;0.000248;None;Medium High;0
1470;436;0.000363;Trash Basket;Low;1470
1471;589;0.000490;None;Medium;1663
1472;296;0.000246;None;Medium;1472
1473;298;0.000248;None;Medium High;1473
1474;294;0.000245;None;Low;1474
1475;291;0.000242;None;Low;0
1476;437;0.000364;Trash Basket;Low;1476
1477;586;0.000488;Nuclear Bomb;Low;815
1478;291;0.000242;None;Low;1478
1479;585;0.000487;Trash Basket;Medium;1479
1480;436;0.000363;None;Low;1480
1481;435;0.000362;None;Medium;1481
1482;585;0.000487;None;Low;1482
1483;296;0.000246;Cyber Penguin;Medium;1483
1484;293;0.000244;Wooden Cup;Low;0
1485;587;0.000489;None;Low;167
1486;290;0.000241;Trash Basket;Low;1486
1487;299;0.000249;Wrench;Low;1487
1488;438;0.000365;None;Very High;1488
1489;438;0.000365;Gold Cake;Low;0
1490;523;0.000435;Sushi Roll;Low;0
1491;269;0.000224;Cyber Hamster;Low;0
1492;299;0.000249;None;Low;1492
1493;588;0.000490;None;Low;1493
1494;878;0.000731;Cheat Codes;Medium;177
1495;435;0.000362;None;Medium High;1495
1496;298;0.000248;Pocket Knife;Low;1496
1497;297;0.000247;Cyber Cat;Low;1497
1498;291;0.000242;Cup of Scotch;Low;0
1499;875;0.000729;Sandwich;Low;28
1500;583;0.000485;Cyber Hamster;Very High;1500
1501;589;0.000490;None;High;1501
1502;299;0.000249;Sandwich;Low;158
1503;299;0.000249;Wrench;Medium High;1503
1504;581;0.000484;None;Medium;1238
1505;444;0.000370;Wrench;Low;0
1506;589;0.000490;None;Low;1506
1507;299;0.000249;None;Low;1340
1508;878;0.000731;Sushi Roll;Low;1508
1509;296;0.000246;None;Low;0
1510;436;0.000363;None;Medium;1510
1511;438;0.000365;Trash Basket;Low;1920
1512;877;0.000730;None;Very High;1512
1513;588;0.000490;Newspaper;Low;1509
1514;437;0.000364;1st Edition Book;Low;876
1515;398;0.000331;Cup of Scotch;Low;0
1516;1457;0.001214;None;Low;1516
1517;443;0.000369;None;Low;0
1518;438;0.000365;None;Low;1518
1519;870;0.000725;None;Medium;1519
1520;589;0.000490;Cyber Cat;Medium;1520
1521;440;0.000366;None;Low;1521
1522;521;0.000434;None;Low;0
1523;437;0.000364;Trash Basket;Low;1523
1524;443;0.000369;None;Low;1543
1525;291;0.000242;None;Medium;1525
1526;436;0.000363;None;Low;1526
1527;876;0.000730;None;High;1527
1528;583;0.000485;None;Medium;1528
1529;299;0.000249;Newspaper;Low;34
1530;581;0.000484;Pocket Knife;Low;1530
1531;444;0.000370;None;Medium;1531
1532;299;0.000249;Nuclear Bomb;Low;1532
1533;439;0.000365;Pocket Knife;Low;1533
1534;290;0.000241;None;Medium High;1534
1535;870;0.000725;None;High;1126
1536;523;0.000435;Trash Basket;High;979
1537;293;0.000244;None;High;364
1538;442;0.000368;Sandwich;Medium;1538
1539;524;0.000436;Trash Basket;Medium;924
1540;588;0.000490;Sandwich;Low;1540
1541;443;0.000369;None;Medium High;1541
1542;296;0.000246;Wooden Cup;Medium;1232
1543;269;0.000224;None;Low;0
1544;437;0.000364;Newspaper;Low;1544
1545;440;0.000366;None;Low;1545
1546;292;0.000243;None;Low;1546
1547;295;0.000245;Wrench;Medium;0
1548;442;0.000368;None;Medium;1548
1549;268;0.000223;None;Low;0
1550;293;0.000244;None;High;1550
1551;443;0.000369;None;Medium High;1551
1552;1452;0.001210;Cup of Scotch;Medium;148
1553;298;0.000248;None;Medium;1583
1554;294;0.000245;Nuclear Bomb;Medium High;1554
1555;876;0.000730;1st Edition Book;Medium;1555
1556;297;0.000247;Newspaper;Very High;1556
1557;294;0.000245;None;Low;1808
1558;298;0.000248;Wrench;Low;1558
1559;295;0.000245;Wooden Cup;Medium;1559
1560;265;0.000220;Pocket Knife;Low;0
1561;588;0.000490;Trash Basket;Very High;1561
1562;293;0.000244;Sushi Roll;Low;1562
1563;879;0.000732;Sushi Roll;Low;1563
1564;299;0.000249;None;Low;1564
1565;294;0.000245;Trash Basket;High;1565
1566;437;0.000364;None;Medium;1566
1567;877;0.000730;Cup of Scotch;Low;1567
1568;439;0.000365;None;Medium;1568
1569;290;0.000241;None;Medium;1569
1570;587;0.000489;None;Medium;1570
1571;876;0.000730;None;Medium;1571
1572;295;0.000245;Trash Basket;Medium;1572
1573;297;0.000247;Sandwich;Medium;1573
1574;584;0.000486;Wooden Cup;Medium;1574
1575;297;0.000247;None;Medium;0
1576;436;0.000363;None;High;1576
1577;299;0.000249;Trash Basket;Low;1577
1578;439;0.000365;None;Low;1194
1579;267;0.000222;None;Low;0
1580;438;0.000365;Wooden Cup;Medium;1580
1581;582;0.000485;None;Low;1581
1582;871;0.000725;None;High;1582
1583;297;0.000247;Gold Cake;Low;123
1584;581;0.000484;None;Medium;1584
1585;437;0.000364;Newspaper;Medium High;0
1586;439;0.000365;Book;Very High;1586
1587;295;0.000245;None;Medium High;1587
1588;435;0.000362;None;Very High;1588
1589;267;0.000222;None;Low;0
1590;585;0.000487;None;Low;0
1591;290;0.000241;Knife;Low;0
1592;298;0.000248;None;Low;1592
1593;581;0.000484;Wrench;Low;1593
1594;398;0.000331;None;Medium;397
1595;441;0.000367;None;Medium;1595
1596;267;0.000222;Newspaper;Medium;0
1597;390;0.000325;None;Low;800
1598;439;0.000365;None;Very High;1598
1599;876;0.000730;None;Very High;1599
1600;298;0.000248;Cyber Dog;Low;0
1601;290;0.000241;Cyber Hamster;Low;1601
1602;588;0.000490;None;Low;1602
1603;438;0.000365;Wooden Cup;Low;1603
1604;290;0.000241;None;Medium High;1604
1605;297;0.000247;Book;Medium;1605
1606;267;0.000222;Sushi Roll;Medium;1484
1607;580;0.000483;None;Medium High;1607
1608;297;0.000247;Sandwich;Medium;1608
1609;295;0.000245;Pocket Knife;Low;0
1610;298;0.000248;None;Medium High;1610
1611;297;0.000247;None;Medium;1611
1612;585;0.000487;Wrench;Low;1612
1613;873;0.000727;None;Medium;1613
1614;299;0.000249;Trash Basket;Medium;1614
1615;436;0.000363;Gold Cake;Low;1615
1616;871;0.000725;None;Low;1616
1617;878;0.000731;None;High;312
1618;292;0.000243;Sandwich;Low;1618
1619;441;0.000367;Wrench;Low;1619
1620;294;0.000245;None;Low;1620
1621;299;0.000249;1st Edition Book;Medium;1621
1622;263;0.000219;1 Dogecoin;Medium;537
1623;261;0.000217;Cyber Penguin;Low;0
1624;297;0.000247;Gold Cake;Medium;1624
1625;876;0.000730;None;Low;1625
1626;439;0.000365;None;Low;1626
1627;292;0.000243;None;Medium High;1627
1628;297;0.000247;None;?;868
1629;261;0.000217;None;Medium;893
1630;585;0.000487;1 Bitcoin;Medium;1630
1631;524;0.000436;Book;Medium High;409
1632;297;0.000247;None;Medium;0
1633;584;0.000486;None;Low;1633
1634;292;0.000243;Wooden Cup;Very High;1634
1635;294;0.000245;None;Low;1635
1636;294;0.000245;None;Low;0
1637;442;0.000368;1 Dogecoin;Low;1637
1638;439;0.000365;Sandwich;Medium High;1638
1639;292;0.000243;Wrench;Medium;1639
1640;397;0.000330;Trash Basket;Low;0
1641;297;0.000247;Gold Cake;Low;1641
1642;441;0.000367;None;Medium;1642
1643;444;0.000370;None;High;1643
1644;879;0.000732;None;Low;0
1645;290;0.000241;Trash Basket;Medium;1645
1646;292;0.000243;None;Medium;1646
1647;298;0.000248;None;Low;1647
1648;297;0.000247;Pocket Knife;Medium;1648
1649;522;0.000435;Pocket Knife;Low;0
1650;299;0.000249;None;Low;0
1651;290;0.000241;Knife;Low;0
1652;294;0.000245;None;Medium High;1652
1653;268;0.000223;None;Medium High;1514
1654;292;0.000243;None;Medium;1654
1655;439;0.000365;None;Low;1655
1656;586;0.000488;None;Low;0
1657;1452;0.001210;Sushi Roll;Very High;321
1658;529;0.000440;Trash Basket;Medium;0
1659;436;0.000363;Wooden Cup;Medium High;1659
1660;290;0.000241;Cup of Scotch;Medium;0
1661;291;0.000242;Trash Basket;Low;1661
1662;871;0.000725;Wooden Cup;Low;1662
1663;260;0.000216;1 Bitcoin;Low;0
1664;291;0.000242;None;Low;1664
1665;589;0.000490;None;Low;0
1666;295;0.000245;None;Very High;1693
1667;297;0.000247;None;Medium;1666
1668;291;0.000242;Book;High;1668
1669;290;0.000241;None;Low;1669
1670;439;0.000365;1 Dogecoin;Low;1670
1671;299;0.000249;None;Low;1671
1672;292;0.000243;Wrench;Low;1672
1673;444;0.000370;None;Medium High;17
1674;437;0.000364;Cyber Penguin;Medium;1674
1675;290;0.000241;Book;Medium High;1675
1676;297;0.000247;1st Edition Book;Low;1676
1677;588;0.000490;None;Medium;1677
1678;295;0.000245;Trash Basket;Low;0
1679;295;0.000245;None;Medium;1679
1680;440;0.000366;Trash Basket;Low;1680
1681;291;0.000242;None;Low;1681
1682;266;0.000221;None;Medium High;0
1683;290;0.000241;Trash Basket;Low;1103
1684;587;0.000489;Newspaper;Low;1684
1685;589;0.000490;Cyber Cat;Low;1685
1686;581;0.000484;None;Medium;1686
1687;440;0.000366;None;Low;1330
1688;588;0.000490;Knife;Very High;1688
1689;394;0.000328;Trash Basket;High;0
1690;439;0.000365;None;Low;1690
1691;293;0.000244;None;Medium High;153
1692;297;0.000247;Sandwich;Medium High;1692
1693;291;0.000242;Trash Basket;Low;1991
1694;435;0.000362;Gold Cake;Low;1694
1695;441;0.000367;None;Low;1695
1696;1458;0.001215;Book;Medium;1696
1697;444;0.000370;None;Low;1697
1698;291;0.000242;None;Medium;1698
1699;299;0.000249;None;Low;0
1700;292;0.000243;Newspaper;Low;1824
1701;588;0.000490;None;Very High;1701
1702;297;0.000247;Book;?;1702
1703;393;0.000327;None;High;347
1704;583;0.000485;Newspaper;Low;667
1705;269;0.000224;None;Low;0
1706;295;0.000245;Book;Low;1706
1707;290;0.000241;None;Medium;1707
1708;443;0.000369;None;Low;0
1709;440;0.000366;Wooden Cup;Medium;1709
1710;291;0.000242;None;Medium High;404
1711;443;0.000369;Knife;Medium;1711
1712;586;0.000488;None;Low;0
1713;297;0.000247;Cup of Scotch;Medium;1710
1714;436;0.000363;Cyber Hamster;Low;1714
1715;873;0.000727;Newspaper;Low;1715
1716;438;0.000365;None;Medium High;1716
1717;440;0.000366;None;Medium;1717
1718;583;0.000485;Wooden Cup;Medium;1718
1719;266;0.000221;Cup of Scotch;High;0
1720;294;0.000245;None;Medium;1720
1721;441;0.000367;None;Medium;114
1722;398;0.000331;None;Low;0
1723;294;0.000245;None;Low;1723
1724;436;0.000363;None;Low;1724
1725;294;0.000245;None;Low;1725
1726;290;0.000241;None;Low;1726
1727;261;0.000217;Sandwich;Low;245
1728;398;0.000331;None;High;0
1729;292;0.000243;Book;High;945
1730;293;0.000244;Knife;Low;1772
1731;437;0.000364;None;Medium;1748
1732;291;0.000242;1st Edition Book;Low;1732
1733;436;0.000363;Sandwich;Medium;423
1734;442;0.000368;None;High;1734
1735;298;0.000248;None;Medium;1735
1736;293;0.000244;None;Low;1736
1737;293;0.000244;1 Bitcoin;Very High;1737
1738;870;0.000725;Wooden Cup;Low;1738
1739;294;0.000245;None;High;1739
1740;441;0.000367;Trash Basket;High;1740
1741;396;0.000330;Pocket Knife;High;0
1742;528;0.000440;None;Low;0
1743;292;0.000243;Cup of Scotch;Low;0
1744;394;0.000328;Knife;Low;0
1745;292;0.000243;Wrench;Medium;1745
1746;438;0.000365;None;Low;417
1747;581;0.000484;None;Medium High;1747
1748;299;0.000249;None;Low;1810
1749;877;0.000730;None;Medium;1749
1750;522;0.000435;Trash Basket;Low;0
1751;439;0.000365;Wrench;Low;1751
1752;292;0.000243;None;Low;1752
1753;586;0.000488;Wooden Cup;Low;0
1754;438;0.000365;None;Medium;1754
1755;876;0.000730;None;Low;1755
1756;443;0.000369;1st Edition Book;Low;1756
1757;438;0.000365;Pocket Knife;Low;1757
1758;439;0.000365;None;Very High;1758
1759;580;0.000483;None;Low;411
1760;290;0.000241;Sushi Roll;Medium;136
1761;439;0.000365;None;Low;1761
1762;873;0.000727;Sushi Roll;Low;1762
1763;295;0.000245;None;Medium;1763
1764;293;0.000244;Wrench;Medium;1764
1765;290;0.000241;None;Low;1765
1766;1456;0.001213;Cheat Codes;Medium;1766
1767;582;0.000485;None;Medium;0
1768;261;0.000217;None;Medium;0
1769;583;0.000485;Wrench;Medium;1769
1770;441;0.000367;Trash Basket;Low;1770
1771;1456;0.001213;Wrench;Medium;369
1772;435;0.000362;Pocket Knife;High;1771
1773;589;0.000490;None;Very High;1773
1774;438;0.000365;1 Bitcoin;Medium High;1774
1775;589;0.000490;Newspaper;Low;0
1776;296;0.000246;Knife;Medium;1776
1777;440;0.000366;None;Medium High;1777
1778;444;0.000370;Trash Basket;Medium;1778
1779;870;0.000725;1st Edition Book;Low;727
1780;436;0.000363;Knife;Medium High;0
1781;295;0.000245;None;Medium;0
1782;584;0.000486;Sandwich;Medium;1263
1783;292;0.000243;None;Low;1783
1784;441;0.000367;None;Medium;1784
1785;291;0.000242;Trash Basket;Medium High;1785
1786;290;0.000241;Sushi Roll;Low;1786
1787;297;0.000247;None;Low;1787
1788;441;0.000367;Cyber Dog;Low;1788
1789;440;0.000366;None;High;1789
1790;299;0.000249;Trash Basket;Low;1790
1791;1453;0.001210;Cup of Scotch;Low;833
1792;585;0.000487;Newspaper;Medium;1742
1793;290;0.000241;1 Dogecoin;Low;1793
1794;290;0.000241;Book;Low;1794
1795;581;0.000484;Knife;Low;1795
1796;581;0.000484;None;Low;0
1797;292;0.000243;Book;Low;1797
1798;444;0.000370;None;Very High;1336
1799;263;0.000219;None;Low;0
1800;440;0.000366;1st Edition Book;Low;2
1801;297;0.000247;None;Medium;1800
1802;1451;0.001209;Knife;?;0
1803;1456;0.001213;None;Low;1803
1804;293;0.000244;None;Medium;1804
1805;873;0.000727;1st Edition Book;Low;1805
1806;873;0.000727;None;Low;1806
1807;581;0.000484;None;Low;1807
1808;298;0.000248;None;High;223
1809;439;0.000365;Wrench;Medium High;0
1810;1457;0.001214;1 Bitcoin;Low;721
1811;443;0.000369;Cyber Cat;Low;1812
1812;298;0.000248;None;Medium High;1811
1813;291;0.000242;None;Low;1813
1814;1451;0.001209;Gold Cake;Low;0
1815;299;0.000249;Cup of Scotch;Low;1815
1816;298;0.000248;None;Medium High;1816
1817;586;0.000488;Newspaper;Low;1817
1818;875;0.000729;None;Medium High;0
1819;583;0.000485;Sandwich;Low;1819
1820;1453;0.001210;Sushi Roll;Medium;1820
1821;583;0.000485;Book;Low;295
1822;1457;0.001214;Wrench;Low;1437
1823;437;0.000364;Sandwich;Low;1823
1824;870;0.000725;None;Low;248
1825;295;0.000245;None;Low;1825
1826;437;0.000364;Sushi Roll;High;0
1827;525;0.000437;None;Low;0
1828;581;0.000484;Cup of Scotch;Very High;742
1829;293;0.000244;Sushi Roll;Medium;1829
1830;290;0.000241;None;High;1830
1831;295;0.000245;None;Very High;1831
1832;260;0.000216;Newspaper;Low;0
1833;293;0.000244;None;Medium High;1833
1834;871;0.000725;None;High;1834
1835;294;0.000245;None;Low;0
1836;295;0.000245;None;Medium;1835
1837;581;0.000484;Sandwich;Low;1837
1838;295;0.000245;None;Low;1838
1839;294;0.000245;Sandwich;High;1839
1840;872;0.000726;Newspaper;Low;1004
1841;298;0.000248;None;Medium High;1841
1842;436;0.000363;Gold Cake;Low;1842
1843;297;0.000247;None;Medium;1843
1844;443;0.000369;None;Medium;1844
1845;292;0.000243;Sushi Roll;Medium;1687
1846;437;0.000364;None;Low;1846
1847;293;0.000244;1st Edition Book;Low;1847
1848;296;0.000246;None;Medium;277
1849;293;0.000244;None;Low;1849
1850;435;0.000362;None;Medium High;1850
1851;296;0.000246;None;Low;1851
1852;290;0.000241;None;Medium;1852
1853;1307;0.001089;Sushi Roll;Medium;0
1854;438;0.000365;None;Low;1854
1855;296;0.000246;Sandwich;Medium High;1597
1856;587;0.000489;Wrench;Medium;1856
1857;442;0.000368;None;Very High;1857
1858;440;0.000366;None;Medium;1858
1859;585;0.000487;Cup of Scotch;Low;1859
1860;580;0.000483;None;Low;1860
1861;584;0.000486;None;Very High;1861
1862;298;0.000248;Golden Bitcoin Skull of Fate;Medium;1862
1863;294;0.000245;None;Medium High;1863
1864;269;0.000224;None;Low;0
1865;299;0.000249;None;Medium;1865
1866;443;0.000369;None;Medium;1866
1867;443;0.000369;Pocket Knife;Medium;1867
1868;295;0.000245;None;Medium;1868
1869;298;0.000248;None;Medium;1869
1870;290;0.000241;None;Low;1870
1871;443;0.000369;Trash Basket;Low;1507
1872;297;0.000247;Newspaper;Low;1872
1873;437;0.000364;1st Edition Book;Low;0
1874;296;0.000246;1 Dogecoin;Low;1874
1875;296;0.000246;1 Dogecoin;High;1875
1876;875;0.000729;1 Dogecoin;Medium;1876
1877;589;0.000490;None;Low;1877
1878;584;0.000486;Sandwich;Low;1878
1879;874;0.000728;Knife;Very High;71
1880;294;0.000245;None;Low;0
1881;437;0.000364;Sandwich;Low;0
1882;437;0.000364;Trash Basket;Low;1882
1883;870;0.000725;None;High;1883
1884;586;0.000488;None;Medium;1884
1885;291;0.000242;Cup of Scotch;Low;1885
1886;294;0.000245;Cyber Hamster;Low;1886
1887;298;0.000248;Newspaper;Medium;1887
1888;440;0.000366;None;Low;1888
1889;1456;0.001213;None;Medium;1889
1890;439;0.000365;Sushi Roll;Medium;1890
1891;586;0.000488;None;Medium;0
1892;299;0.000249;None;Medium;1892
1893;873;0.000727;Wooden Cup;Low;1893
1894;296;0.000246;None;Low;641
1895;293;0.000244;None;Medium High;1899
1896;297;0.000247;Newspaper;Medium High;759
1897;294;0.000245;Book;Medium;1897
1898;440;0.000366;Wooden Cup;Low;1898
1899;290;0.000241;None;Medium;1182
1900;874;0.000728;None;Medium;1900
1901;871;0.000725;None;Medium;960
1902;294;0.000245;None;Medium High;1802
1903;292;0.000243;Knife;Medium;1903
1904;299;0.000249;Newspaper;Low;1904
1905;437;0.000364;Sandwich;Low;1905
1906;298;0.000248;Newspaper;Medium;770
1907;292;0.000243;None;Medium;1919
1908;581;0.000484;None;Low;1908
1909;260;0.000216;None;Low;0
1910;876;0.000730;Pocket Knife;Low;1910
1911;297;0.000247;None;Medium;1911
1912;444;0.000370;None;Medium;1912
1913;580;0.000483;None;High;853
1914;294;0.000245;Newspaper;Low;1914
1915;397;0.000330;None;Very High;195
1916;586;0.000488;None;Medium High;1916
1917;292;0.000243;None;Medium;551
1918;437;0.000364;None;Low;0
1919;444;0.000370;Gold Cake;Medium;1973
1920;292;0.000243;None;Low;6
1921;398;0.000331;None;Low;0
1922;444;0.000370;Sandwich;Low;1922
1923;879;0.000732;Cheat Codes;Low;1923
1924;870;0.000725;None;Low;1924
1925;290;0.000241;Sushi Roll;Low;1925
1926;268;0.000223;None;Medium High;0
1927;441;0.000367;Trash Basket;?;1927
1928;588;0.000490;Newspaper;Medium High;1928
1929;298;0.000248;None;Low;1929
1930;877;0.000730;None;Medium;1930
1931;580;0.000483;None;Low;1931
1932;442;0.000368;Wrench;Low;1932
1933;297;0.000247;Knife;High;1933
1934;297;0.000247;None;Medium;1964
1935;878;0.000731;Book;Low;0
1936;293;0.000244;None;Low;1936
1937;299;0.000249;Pocket Knife;Medium;143
1938;297;0.000247;Gold Cake;Low;1983
1939;291;0.000242;Cyber Cat;Very High;1939
1940;298;0.000248;None;Low;1940
1941;297;0.000247;Wrench;Medium;1941
1942;586;0.000488;Newspaper;Medium High;1942
1943;294;0.000245;None;Medium;1943
1944;299;0.000249;None;Low;1101
1945;293;0.000244;Book;Low;1945
1946;290;0.000241;None;Medium;1946
1947;296;0.000246;1 Dogecoin;Medium High;1947
1948;878;0.000731;None;Medium;1948
1949;441;0.000367;None;Low;1949
1950;439;0.000365;Pocket Knife;Medium;1950
1951;399;0.000332;None;Low;0
1952;439;0.000365;None;Low;1952
1953;295;0.000245;None;Medium;0
1954;436;0.000363;None;Low;0
1955;297;0.000247;Wooden Cup;Low;1951
1956;436;0.000363;Book;Medium;389
1957;588;0.000490;Book;Medium;1957
1958;291;0.000242;Knife;Low;1958
1959;299;0.000249;Trash Basket;Low;559
1960;441;0.000367;Book;Low;1960
1961;296;0.000246;None;Low;1961
1962;438;0.000365;None;Low;0
1963;299;0.000249;None;Medium;1963
1964;526;0.000438;None;High;0
1965;294;0.000245;1 Bitcoin;Medium;1965
1966;296;0.000246;None;Medium High;1966
1967;295;0.000245;None;Low;1985
1968;296;0.000246;None;Medium;1968
1969;295;0.000245;None;Low;1653
1970;878;0.000731;None;Low;1970
1971;581;0.000484;None;Low;1971
1972;299;0.000249;1 Dogecoin;Low;264
1973;1450;0.001208;Gold Cake;Low;1974
1974;442;0.000368;None;Low;325
1975;292;0.000243;Sandwich;Low;1975
1976;1453;0.001210;Book;Low;1976
1977;439;0.000365;None;Very High;543
1978;439;0.000365;None;Medium;1978
1979;298;0.000248;Newspaper;Low;1979
1980;876;0.000730;Sandwich;Medium High;1211
1981;290;0.000241;Newspaper;Low;1981
1982;436;0.000363;Cyber Dog;Medium;1982
1983;874;0.000728;Knife;Low;1984
1984;294;0.000245;None;Low;1066
1985;298;0.000248;None;Low;121
1986;436;0.000363;1 Dogecoin;Low;1640
1987;299;0.000249;None;High;1987
1988;443;0.000369;None;Medium;1334
1989;589;0.000490;Knife;Medium;993
1990;291;0.000242;None;Low;1502
1991;297;0.000247;None;Medium;1023
1992;292;0.000243;Nuclear Bomb;Medium High;1024
1993;435;0.000362;Wrench;Medium;1477
1994;581;0.000484;Book;Low;1994
1995;290;0.000241;None;Medium;1995
1996;295;0.000245;Cup of Scotch;Medium High;1996
1997;299;0.000249;None;Low;0
1998;291;0.000242;None;Medium;647
1999;438;0.000365;None;Low;1999
2000;873;0.000727;Book;Low;2000
2001;438;0.000365;None;Low;1969
2002;435;0.000362;None;Medium;139
2003;524;0.000436;None;Low;1967
2004;396;0.000330;Cup of Scotch;Low;0
2005;294;0.000245;Newspaper;Low;1392
2006;588;0.000490;None;Low;583
2007;437;0.000364;None;Medium High;0
2008;442;0.000368;None;Medium;460
2009;291;0.000242;Newspaper;Low;0
2010;585;0.000487;Wrench;High;0
2011;439;0.000365;Gold Cake;High;1021
2012;1454;0.001211;1st Edition Book;Low;1265
2013;437;0.000364;Sushi Roll;Medium;88
2014;294;0.000245;None;Low;1901
2015;293;0.000244;None;Medium;162
2016;527;0.000439;None;Low;1881
2017;442;0.000368;None;Medium;1691
2018;293;0.000244;Cup of Scotch;Low;999
2019;263;0.000219;None;Low;0
2020;298;0.000248;Newspaper;Medium;1394
2021;263;0.000219;None;Low;1371
2022;395;0.000329;None;Medium;571
2023;526;0.000438;None;Low;0
2024;268;0.000223;Trash Basket;Very High;892
2025;267;0.000222;Knife;High;0
2026;260;0.000216;None;Low;0
2027;390;0.000325;Knife;Medium;0
2028;269;0.000224;None;Low;0
2029;399;0.000332;Gold Cake;Low;589
2030;266;0.000221;Trash Basket;Medium;0
2031;267;0.000222;Trash Basket;Low;0
2032;269;0.000224;None;High;0
2033;264;0.000220;1st Edition Book;High;0
2034;267;0.000222;None;Low;1609
2035;265;0.000220;Cup of Scotch;Very High;0
2036;265;0.000220;None;Medium High;0
2037;528;0.000440;None;Medium;0
2038;399;0.000332;None;High;0
2039;397;0.000330;None;Medium;0
2040;1457;0.001214;None;Medium High;0
2041;261;0.000217;None;Low;0
2042;526;0.000438;None;Low;0
2043;266;0.000221;None;Low;0
2044;527;0.000439;Newspaper;Low;0
2045;878;0.000731;Cup of Scotch;Low;1403
2046;444;0.000370;None;Low;15
2047;267;0.000222;Wrench;Medium;0
2048;587;0.000489;None;Very High;220
2049;396;0.000330;Wooden Cup;Low;1290
2050;398;0.000331;Sandwich;Medium;0
2051;397;0.000330;Trash Basket;Medium;905
2052;394;0.000328;1st Edition Book;?;0
2053;265;0.000220;None;Medium High;0
2054;268;0.000223;1 Dogecoin;Low;0
2055;261;0.000217;1st Edition Book;Medium;0
2056;1453;0.001210;Sandwich;?;0
2057;263;0.000219;None;Medium;0
2058;268;0.000223;Knife;Low;0
2059;265;0.000220;Pocket Knife;Medium;0
2060;260;0.000216;None;Low;0
2061;520;0.000433;None;Low;0
2062;521;0.000434;Sandwich;Low;0
2063;394;0.000328;Cyber Cat;Medium;0
2064;269;0.000224;None;Low;1192
2065;269;0.000224;None;Low;0
2066;264;0.000220;Cup of Scotch;Medium;0
2067;396;0.000330;1st Edition Book;Low;0
2068;392;0.000326;None;Medium High;0
2069;261;0.000217;Pocket Knife;High;0
2070;392;0.000326;None;Medium;0
2071;269;0.000224;Cyber Penguin;Low;0
2072;1305;0.001087;None;Medium;1007
2073;264;0.000220;Cyber Hamster;Low;0
2074;261;0.000217;None;Medium;1399
2075;294;0.000245;Wrench;High;1499
2076;262;0.000218;Trash Basket;Low;0
2077;296;0.000246;None;Low;1953
2078;523;0.000435;Sandwich;Medium High;0
2079;1303;0.001085;Book;High;73
2080;521;0.000434;None;Medium High;625
2081;394;0.000328;Cyber Penguin;Low;0
2082;263;0.000219;None;Medium;0
2083;399;0.000332;Wrench;Medium;0
2084;268;0.000223;None;Low;0
2085;294;0.000245;None;Low;953
2086;1450;0.001208;1 Dogecoin;Low;1704
2087;390;0.000325;None;Low;191
2088;264;0.000220;Wrench;Low;142
2089;1309;0.001090;None;Low;643
2090;291;0.000242;None;High;0
2091;788;0.000656;None;Low;1959
2092;263;0.000219;None;Low;0
2093;263;0.000219;Wrench;Low;0
2094;529;0.000440;Book;Medium;1380
2095;524;0.000436;None;Low;0
2096;267;0.000222;None;High;0
2097;267;0.000222;None;High;1585
2098;265;0.000220;Wrench;Low;0
2099;269;0.000224;Nuclear Bomb;Low;0
2100;521;0.000434;Book;Low;0
2101;267;0.000222;Trash Basket;Low;0
2102;527;0.000439;None;High;0
2103;524;0.000436;None;Low;0
2104;525;0.000437;None;Low;0
2105;262;0.000218;None;High;0
2106;269;0.000224;None;Low;0
2107;266;0.000221;Sandwich;Medium;0
2108;267;0.000222;Nuclear Bomb;High;0
2109;261;0.000217;Book;Low;0
2110;524;0.000436;None;Low;1557
2111;870;0.000725;None;Low;983
2112;268;0.000223;Cyber Penguin;Low;0
2113;267;0.000222;Nuclear Bomb;Low;0
2114;1301;0.001084;Cup of Scotch;Low;0
2115;266;0.000221;None;Very High;0
2116;262;0.000218;None;Low;0
2117;391;0.000325;Newspaper;Low;0
2118;520;0.000433;None;Low;0
2119;1309;0.001090;None;High;1649
2120;1456;0.001213;None;Medium;2083
2121;391;0.000325;None;Low;0
2122;787;0.000655;Book;Low;1302
2123;268;0.000223;None;Medium;0
2124;399;0.000332;1 Dogecoin;Low;1170
2125;1301;0.001084;Newspaper;Low;506
2126;265;0.000220;Book;Medium;835
2127;782;0.000651;Wooden Cup;Very High;616
2128;263;0.000219;Cheat Codes;Medium;0
2129;529;0.000440;None;High;1171
2130;520;0.000433;None;Medium High;655
2131;399;0.000332;Wrench;Very High;754
2132;398;0.000331;None;Low;0
2133;265;0.000220;Pocket Knife;Medium;0
2134;264;0.000220;None;Low;0
2135;390;0.000325;None;Low;0
2136;393;0.000327;Trash Basket;Low;0
2137;261;0.000217;None;Medium;0
2138;395;0.000329;None;Medium High;995
2139;392;0.000326;None;Medium;0
2140;265;0.000220;Wooden Cup;Low;0
2141;398;0.000331;None;Low;0
2142;524;0.000436;Nuclear Bomb;Medium;0
2143;263;0.000219;None;Low;0
2144;442;0.000368;None;Low;1934
2145;260;0.000216;Cup of Scotch;High;238
2146;260;0.000216;Book;Low;0
2147;261;0.000217;None;High;1475
2148;527;0.000439;Newspaper;Medium High;0
2149;263;0.000219;Sushi Roll;Low;0
2150;260;0.000216;None;Low;0
2151;261;0.000217;Book;Low;630
2152;520;0.000433;Wooden Cup;Low;0
2153;267;0.000222;Sandwich;Medium;137
2154;266;0.000221;None;Low;0
2155;263;0.000219;None;?;0
2156;290;0.000241;Newspaper;Medium;0
2157;269;0.000224;None;Low;0
2158;262;0.000218;Wooden Cup;Low;0
2159;528;0.000440;Pocket Knife;Low;470
2160;293;0.000244;None;Low;0
2161;260;0.000216;None;Medium;0
2162;262;0.000218;Pocket Knife;High;661
2163;262;0.000218;Trash Basket;Medium;0
2164;392;0.000326;None;Very High;0
2165;267;0.000222;Newspaper;High;0
2166;399;0.000332;Newspaper;Low;0
2167;392;0.000326;Cup of Scotch;Medium;495
2168;781;0.000650;None;Medium;0
2169;264;0.000220;Cheat Codes;High;0
2170;788;0.000656;1 Dogecoin;Low;1547
2171;393;0.000327;Cyber Cat;Low;0
2172;266;0.000221;1 Dogecoin;Low;0
2173;269;0.000224;Pocket Knife;Medium High;0
2174;262;0.000218;Trash Basket;Low;247
2175;264;0.000220;None;Low;0
2176;267;0.000222;Knife;Medium;0
2177;524;0.000436;None;Low;0
2178;262;0.000218;None;Medium;0
2179;398;0.000331;None;Medium;0
2180;269;0.000224;None;Low;0
2181;394;0.000328;Book;Low;0
2182;396;0.000330;Wooden Cup;Very High;1780
2183;293;0.000244;None;Medium;268
2184;398;0.000331;None;High;628
2185;390;0.000325;1st Edition Book;Low;0
2186;443;0.000369;1 Bitcoin;High;0
2187;396;0.000330;Cheat Codes;Low;0
2188;392;0.000326;Book;Very High;0
2189;265;0.000220;None;Medium;1590
2190;1301;0.001084;None;Very High;1426
2191;396;0.000330;None;Low;0
2192;397;0.000330;None;Medium;1575
2193;268;0.000223;None;Low;0
2194;523;0.000435;Gold Cake;Low;0
2195;393;0.000327;None;Low;0
2196;397;0.000330;Wooden Cup;Medium;1596
2197;261;0.000217;Cyber Hamster;Low;0
2198;261;0.000217;Trash Basket;Very High;0
2199;267;0.000222;None;Medium;654
2200;290;0.000241;None;Low;0
2201;263;0.000219;None;Low;0
2202;262;0.000218;Pocket Knife;Low;0
2203;260;0.000216;Gold Cake;Low;0
2204;265;0.000220;Trash Basket;Low;0
2205;266;0.000221;None;Low;0
2206;392;0.000326;Wooden Cup;Medium;0
2207;394;0.000328;None;Low;0
2208;782;0.000651;Knife;Low;1651
2209;264;0.000220;Cyber Hamster;Medium;0
2210;268;0.000223;None;Medium High;0
2211;789;0.000657;Wrench;Low;0
2212;269;0.000224;Cyber Penguin;Medium High;1106
2213;262;0.000218;Wooden Cup;Medium;0
2214;523;0.000435;Cyber Hamster;High;0
2215;266;0.000221;None;Low;1098
2216;398;0.000331;None;Low;0
2217;262;0.000218;Gold Cake;Low;0
2218;262;0.000218;None;Low;0
2219;397;0.000330;Cheat Codes;Medium;0
2220;264;0.000220;None;Medium;1656
2221;268;0.000223;Sandwich;Medium;0
2222;297;0.000247;None;Low;832
2223;1301;0.001084;None;Low;1415
2224;263;0.000219;None;Low;1048
2225;399;0.000332;Newspaper;Low;1073
2226;393;0.000327;None;Low;0
2227;521;0.000434;None;Medium;0
2228;1300;0.001083;None;Medium;166
2229;267;0.000222;None;High;600
2230;266;0.000221;Cup of Scotch;Low;0
2231;260;0.000216;1st Edition Book;Medium;0
2232;786;0.000655;Pocket Knife;Low;947
2233;521;0.000434;Newspaper;Medium High;1124
2234;299;0.000249;Sushi Roll;Low;826
2235;391;0.000325;Sandwich;Medium;0
2236;261;0.000217;None;Medium;0
2237;261;0.000217;None;Low;330
2238;268;0.000223;Cup of Scotch;Low;1855
2239;525;0.000437;None;Medium;769
2240;267;0.000222;Book;Low;0
2241;263;0.000219;None;Low;0
2242;264;0.000220;Trash Basket;Low;0
2243;393;0.000327;None;Low;0
2244;520;0.000433;None;Low;487
2245;266;0.000221;None;Low;0
2246;261;0.000217;Newspaper;Low;1465
2247;263;0.000219;Book;Low;0
2248;265;0.000220;Pocket Knife;High;422
2249;290;0.000241;1 Dogecoin;High;0
2250;293;0.000244;None;Medium;462
2251;584;0.000486;Sandwich;Low;2251
2252;580;0.000483;None;Medium;152
2253;586;0.000488;Knife;Low;2253
2254;580;0.000483;None;Very High;2254
2255;298;0.000248;Sandwich;Very High;1539
2256;396;0.000330;Book;Medium;0
2257;263;0.000219;None;Medium High;3
2258;269;0.000224;None;Medium High;0
2259;265;0.000220;Book;Low;0
2260;265;0.000220;None;Low;0
2261;263;0.000219;Book;Low;0
2262;260;0.000216;None;Low;0
2263;261;0.000217;None;Low;0
2264;1450;0.001208;None;?;0
2265;529;0.000440;None;Low;0
2266;787;0.000655;None;Medium High;0
2267;265;0.000220;None;Medium;0
2268;263;0.000219;Wrench;Medium High;1628
2269;265;0.000220;None;Medium;0
2270;522;0.000435;Cyber Hamster;Medium;0
2271;870;0.000725;Trash Basket;Medium High;303
2272;264;0.000220;Wooden Cup;Medium;762
2273;263;0.000219;Wooden Cup;Medium;1719
2274;265;0.000220;None;Low;1712
2275;523;0.000435;Knife;Low;362
2276;263;0.000219;Cup of Scotch;Medium High;0
2277;526;0.000438;None;Low;1721
2278;265;0.000220;None;Medium High;0
2279;526;0.000438;None;Low;604
2280;261;0.000217;None;High;289
2281;269;0.000224;None;Low;0
2282;267;0.000222;Book;Medium High;0
2283;390;0.000325;Wooden Cup;Low;0
2284;260;0.000216;None;Low;1683
2285;398;0.000331;Wooden Cup;Low;0
2286;267;0.000222;None;High;0
2287;267;0.000222;1st Edition Book;Medium;0
2288;521;0.000434;None;High;1529
2289;262;0.000218;None;Medium;0
2290;263;0.000219;None;Low;0
2291;523;0.000435;None;Low;0
2292;261;0.000217;None;Medium High;45
2293;267;0.000222;Trash Basket;Low;0
2294;529;0.000440;Wooden Cup;Low;0
2295;782;0.000651;None;Low;572
2296;264;0.000220;None;Low;0
2297;269;0.000224;None;Medium High;1636
2298;264;0.000220;Sushi Roll;Low;0
2299;266;0.000221;Trash Basket;Low;0
2300;585;0.000487;None;Medium;2079
2301;268;0.000223;Newspaper;Low;0
2302;395;0.000329;Book;Medium;0
2303;782;0.000651;None;High;1517
2304;780;0.000650;Trash Basket;Low;0
2305;525;0.000437;None;Low;0
2306;522;0.000435;None;Low;1522
2307;263;0.000219;Wrench;Medium;0
2308;264;0.000220;None;Low;1471
2309;528;0.000440;Book;Low;606
2310;268;0.000223;1st Edition Book;Medium;0
2311;435;0.000362;None;Medium High;1955
2312;1308;0.001090;None;Low;0
2313;390;0.000325;Book;Medium;558
2314;397;0.000330;Wooden Cup;Low;0
2315;269;0.000224;None;Low;36
2316;393;0.000327;None;Low;0
2317;262;0.000218;Trash Basket;Medium;674
2318;260;0.000216;Wooden Cup;Medium;0
2319;260;0.000216;None;Medium;0
2320;390;0.000325;Book;Low;0
2321;435;0.000362;Trash Basket;High;58
2322;263;0.000219;None;Low;0
2323;520;0.000433;Sushi Roll;Medium;0
2324;394;0.000328;None;Low;1515
2325;526;0.000438;Book;Medium High;0
2326;788;0.000656;None;Medium;1041
2327;267;0.000222;None;Medium High;0
2328;267;0.000222;Cup of Scotch;Low;0
2329;268;0.000223;Wooden Cup;High;0
2330;268;0.000223;Knife;Medium;0
2331;265;0.000220;Pocket Knife;Low;0
2332;521;0.000434;None;Low;164
2333;260;0.000216;Cheat Codes;Medium;0
2334;528;0.000440;Wrench;Medium High;0
2335;263;0.000219;None;Medium;0
2336;263;0.000219;None;Very High;0
2337;268;0.000223;None;Low;240
2338;524;0.000436;None;Medium High;0
2339;263;0.000219;Pocket Knife;High;1972
2340;266;0.000221;Cyber Dog;Low;0
2341;399;0.000332;Cup of Scotch;Low;0
2342;392;0.000326;None;High;0
2343;262;0.000218;None;Low;0
2344;438;0.000365;Cyber Dog;High;0
2345;263;0.000219;Gold Cake;Low;0
2346;398;0.000331;None;Very High;1489
2347;265;0.000220;Pocket Knife;Low;0
2348;789;0.000657;None;Medium;332
2349;396;0.000330;Cup of Scotch;Low;0
2350;520;0.000433;None;Low;1498
2351;265;0.000220;Cyber Dog;Low;0
2352;781;0.000650;Book;Low;79
2353;265;0.000220;None;Low;0
2354;399;0.000332;None;Low;0
2355;782;0.000651;Pocket Knife;Medium;0
2356;269;0.000224;Trash Basket;High;0
2357;269;0.000224;None;Low;0
2358;268;0.000223;Wrench;Low;0
2359;398;0.000331;None;Low;574
2360;264;0.000220;None;Low;0
2361;392;0.000326;Book;Low;412
2362;263;0.000219;Wrench;Low;1880
2363;269;0.000224;Trash Basket;Low;0
2364;267;0.000222;None;Medium;0
2365;528;0.000440;Cyber Dog;Low;0
2366;397;0.000330;None;Medium High;1444
2367;268;0.000223;None;Low;0
2368;269;0.000224;None;Medium;0
2369;1308;0.001090;Cup of Scotch;Very High;128
2370;269;0.000224;Sandwich;Low;0
2371;298;0.000248;None;Low;0
2372;1301;0.001084;Knife;High;849
2373;392;0.000326;None;Low;0
2374;260;0.000216;None;Medium High;0
2375;267;0.000222;None;Medium;0
2376;294;0.000245;None;Medium;648
2377;786;0.000655;1 Dogecoin;Medium;804
2378;391;0.000325;1 Dogecoin;Low;0
2379;786;0.000655;Trash Basket;Low;0
2380;267;0.000222;Newspaper;Low;0
2381;260;0.000216;Gold Cake;Low;0
2382;262;0.000218;None;Low;0
2383;392;0.000326;1st Edition Book;Low;0
2384;521;0.000434;None;Low;1954
2385;583;0.000485;None;High;699
2386;391;0.000325;Sandwich;Very High;723
2387;261;0.000217;Sandwich;High;0
2388;393;0.000327;Cup of Scotch;High;1296
2389;268;0.000223;Golden Bitcoin Skull of Fate;Medium High;0
2390;783;0.000652;Newspaper;Medium High;0
2391;263;0.000219;None;Low;0
2392;263;0.000219;None;Medium;707
2393;267;0.000222;Book;Medium;1537
2394;262;0.000218;None;High;0
2395;397;0.000330;None;High;510
2396;267;0.000222;None;Low;0
2397;399;0.000332;None;Medium;0
2398;392;0.000326;None;Low;0
2399;260;0.000216;Newspaper;Medium;0
2400;299;0.000249;None;Medium;0
2401;528;0.000440;None;Low;0
2402;263;0.000219;Cup of Scotch;Medium;0
2403;390;0.000325;Sandwich;Medium High;1799
2404;268;0.000223;None;Low;687
2405;398;0.000331;Book;Low;453
2406;261;0.000217;Gold Cake;Low;0
2407;268;0.000223;Sandwich;Low;709
2408;399;0.000332;Wooden Cup;High;0
2409;786;0.000655;None;High;0
2410;262;0.000218;None;Medium High;0
2411;526;0.000438;None;Medium;1818
2412;267;0.000222;Cup of Scotch;Medium High;0
2413;527;0.000439;Knife;High;194
2414;261;0.000217;None;Medium High;928
2415;261;0.000217;None;Very High;0
2416;268;0.000223;None;Medium;0
2417;260;0.000216;Book;Low;0
2418;521;0.000434;Sushi Roll;Low;0
2419;269;0.000224;None;Medium;0
2420;442;0.000368;None;Medium;1459
2421;266;0.000221;Knife;Low;0
2422;523;0.000435;Wrench;Low;0
2423;263;0.000219;None;Very High;0
2424;436;0.000363;Newspaper;Medium;618
2425;391;0.000325;Knife;Low;419
2426;298;0.000248;None;Low;0
2427;528;0.000440;None;High;1660
2428;399;0.000332;Cup of Scotch;Low;0
2429;266;0.000221;Cheat Codes;Low;0
2430;266;0.000221;Sandwich;Low;0
2431;393;0.000327;None;High;0
2432;392;0.000326;Pocket Knife;Low;0
2433;526;0.000438;None;Low;0
2434;267;0.000222;None;Medium High;812
2435;394;0.000328;None;Low;231
2436;585;0.000487;Trash Basket;High;278
2437;394;0.000328;None;Medium High;651
2438;298;0.000248;None;?;803
2439;435;0.000362;Trash Basket;High;586
2440;397;0.000330;None;Medium;0
2441;390;0.000325;Cyber Hamster;Medium High;0
2442;1308;0.001090;Book;Medium;0
2443;261;0.000217;None;High;0
2444;263;0.000219;None;High;125
2445;268;0.000223;Cyber Dog;Low;0
2446;529;0.000440;Wrench;Low;218
2447;260;0.000216;Sushi Roll;Low;0
2448;263;0.000219;None;Low;0
2449;264;0.000220;None;Low;0
2450;521;0.000434;Wooden Cup;Medium;0
2451;263;0.000219;Wrench;Medium;0
2452;391;0.000325;1st Edition Book;Low;0
2453;523;0.000435;Wrench;Medium;1259
2454;396;0.000330;None;Medium;1237
2455;265;0.000220;None;Medium;0
2456;395;0.000329;None;Medium;0
2457;1302;0.001085;Sushi Roll;Medium;1759
2458;269;0.000224;Cyber Hamster;Medium;0
2459;261;0.000217;Cyber Hamster;Medium;698
2460;390;0.000325;None;Low;1997
2461;262;0.000218;1st Edition Book;Medium;1377
2462;265;0.000220;Sushi Roll;Low;950
2463;529;0.000440;Newspaper;Low;0
2464;391;0.000325;Cyber Hamster;Medium;0
2465;390;0.000325;Wooden Cup;Low;0
2466;264;0.000220;Gold Cake;Medium High;0
2467;269;0.000224;None;Low;0
2468;267;0.000222;None;Low;0
2469;261;0.000217;Wooden Cup;Medium;0
2470;264;0.000220;Trash Basket;Low;0
2471;260;0.000216;None;High;0
2472;263;0.000219;Sushi Roll;Medium High;1600
2473;528;0.000440;Wooden Cup;Very High;863
2474;265;0.000220;None;Low;0
2475;265;0.000220;Wrench;Low;0
2476;263;0.000219;Wooden Cup;Low;720
2477;786;0.000655;Newspaper;Low;324
2478;391;0.000325;Trash Basket;Medium;784
2479;392;0.000326;None;High;0
2480;263;0.000219;Book;Low;0
2481;397;0.000330;None;Medium High;0
2482;265;0.000220;Wrench;Medium High;0
2483;269;0.000224;Wrench;Medium;0
2484;397;0.000330;Wrench;Low;0
2485;263;0.000219;1st Edition Book;High;0
2486;263;0.000219;None;Low;0
2487;390;0.000325;None;Low;0
2488;1451;0.001209;Knife;Very High;0
2489;266;0.000221;None;Low;0
2490;529;0.000440;None;?;0
2491;298;0.000248;Cyber Cat;Medium;1093
2492;261;0.000217;Wooden Cup;Low;1992
2493;267;0.000222;Cyber Dog;Medium;0
2494;523;0.000435;None;Low;0
2495;263;0.000219;Trash Basket;Medium;0
2496;581;0.000484;Wrench;Medium High;279
2497;290;0.000241;None;Low;1360
2498;871;0.000725;None;Medium;499
2499;520;0.000433;Cup of Scotch;Low;0